Time (s),ESC signal (µs),Servo 1 (µs),Servo 2 (µs),Servo 3 (µs),Thrust (kgf),Voltage (V),Current (A),Motor Electrical Speed (RPM),Motor Optical Speed (RPM),Electrical Power (W),Overall Efficiency (kgf/W),App message,,dt,,,,,,,
0,1000,,,,-0.005496621,0,0.06468691,0,0,0,0,,,,,,,,,,
0,1000,,,,-0.005426793,0,0.063828154,0,0,0,0,,,,,,,,,,
0.024885,1000,,,,-0.005426793,0,0.063386101,0,0,0,0,,,0.024885,,,,,,,
0.050225,1000,,,,-0.005426793,0,0.0621374,0,0,0,0,,,0.02534,,,,,,,
0.07518,1000,,,,-0.005426793,0,0.063061991,0,0,0,0,,,0.024955,,,,,,,
0.09914,1000,,,,-0.005426793,0,0.061012034,0,0,0,0,,,0.02396,,,,,,,
0.126705,1000,,,,-0.005426793,0,0.06243294,0,0,0,0,,,0.027565,,,,,,,
0.152235,1000,,,,-0.00502895,0,0.064401003,0,0,0,0,,,0.02553,,,,,,,1.036983012
0.178655,1000,,,,-0.00502895,0,0.062876862,0,0,0,0,,,0.02642,,,,,,,
0.203535,1000,,,,-0.00502895,0,0.064931346,0,0,0,0,,,0.02488,,,,,,,
0.22907,1000,,,,-0.00502895,0,0.065650517,0,0,0,0,,,0.025535,,,,,,,
0.257525,1000,,,,-0.00502895,0,0.065304191,0,0,0,0,,,0.028455,,,,,,,
0.28539,1000,,,,-0.00502895,0,0.065996765,0,0,0,0,,,0.027865,,,,,,,
0.31075,1000,,,,-0.00543578,0,0.066903413,0,0,0,0,,,0.02536,,,,,,,
0.336775,1000,,,,-0.00543578,0,0.065195686,0,0,0,0,,,0.026025,,,,,,,
0.36192,1000,,,,-0.00543578,0,0.064305898,0,0,0,0,,,0.025145,,,,,,,
0.386935,1000,,,,-0.00543578,0,0.06415178,0,0,0,0,,,0.025015,,,,,,,
0.411585,1000,,,,-0.00543578,0,0.06706236,0,0,0,0,,,0.02465,,,,,,,
0.44061,1000,,,,-0.00543578,0,0.065979701,0,0,0,0,,,0.029025,,,,,,,
0.46798,1000,,,,-0.004892461,0,0.066249121,0,0,0,0,,,0.02737,,,,,,,
0.494285,1000,,,,-0.004892461,0,0.067129715,0,0,0,0,,,0.026305,,,,,,,
0.51962,1000,,,,-0.004892461,0,0.066423304,0,0,0,0,,,0.025335,,,,,,,
0.545015,1000,,,,-0.004892461,0,0.067616429,0,0,0,0,,,0.025395,,,,,,,
0.57171,1000,,,,-0.004892461,0,0.065322006,0,0,0,0,,,0.026695,,,,,,,
0.599605,1000,,,,-0.005327385,0,0.062868705,0,0,0,0,,,0.027895,,,,,,,
0.62741,1000,,,,-0.005327385,0,0.063978117,0,0,0,0,,,0.027805,,,,,,,
0.65481,1000,,,,-0.005327385,0,0.063911218,0,0,0,0,,,0.0274,,,,,,,
0.74648,1000,,,,-0.005327385,0,0.063402405,0,0,0,0,,,0.09167,,,,,,,
0.77473,1000,,,,-0.004582699,0,0.063170318,0,0,0,0,,,0.02825,,,,,,,
0.79976,1000,,,,-0.004582699,0,0.063345588,0,0,0,0,,,0.02503,,,,,,,
0.824475,1000,,,,-0.004582699,0,0.064945426,0,0,0,0,,,0.024715,,,,,,,
0.85025,1000,,,,-0.004582699,0,0.063813131,0,0,0,0,,,0.025775,,,,,,,
0.87572,1000,,,,-0.004582699,0,0.065038273,0,0,0,0,,,0.02547,,,,,,,
0.901755,1000,,,,-0.004952313,0,0.063738437,0,0,0,0,,,0.026035,,,,,,,
0.93044,1000,,,,-0.004952313,0,0.062378051,0,0,0,0,,,0.028685,,,,,,,
0.957125,1000,,,,-0.004952313,0,0.060962457,0,0,0,0,,,0.026685,,,,,,,
0.98276,1000,,,,-0.004952313,0,0.063733585,0,0,0,0,,,0.025635,,,,,,,
1.00925,1000,,,,-0.004952313,0,0.063449521,0,0,0,0,,,0.02649,,,,,,,
1.03479,1000,,,,-0.004952313,0,0.063046146,0,0,0,0,,,0.02554,,,,,,,
1.06112,1000,,,,-0.00457635,0,0.061509888,0,0,0,0,,,0.02633,,,,,,,
1.09014,1000,,,,-0.00457635,0,0.062432981,0,0,0,0,,,0.02902,,,,,,,
1.115765,1000,,,,-0.00457635,0,0.061873375,0,0,0,0,,,0.025625,,,,,,,
1.146745,1000,,,,-0.00457635,0,0.060892797,0,0,0,0,,,0.03098,,,,,,,
1.173665,1000,,,,-0.00457635,0,0.05901256,0,0,0,0,,,0.02692,,,,,,,
1.19932,1000,,,,-0.004438085,0,0.060207685,0,0,0,0,,,0.025655,,,,,,,
1.22446,1000,,,,-0.004438085,0,0.059278436,0,0,0,0,,,0.02514,,,,,,,
1.25398,1000,,,,-0.004438085,0,0.05768076,0,0,0,0,,,0.02952,,,,,,,
1.280315,1000,,,,-0.004438085,0,0.060953009,0,0,0,0,,,0.026335,,,,,,,
1.30537,1000,,,,-0.004438085,0,0.063528096,0,0,0,0,,,0.025055,,,,,,,
1.330495,1000,,,,-0.004438085,0,0.061861483,0,0,0,0,,,0.025125,,,,,,,
1.356325,1000,,,,-0.004373093,0,0.063146315,0,0,0,0,,,0.02583,,,,,,,
1.38136,1000,,,,-0.004373093,0,0.062401312,0,0,0,0,,,0.025035,,,,,,,
1.410825,1000,,,,-0.004373093,0,0.06304962,0,0,0,0,,,0.029465,,,,,,,
1.43834,1000,,,,-0.004373093,0,0.064493149,0,0,0,0,,,0.027515,,,,,,,
1.463775,1000,,,,-0.004373093,0,0.063728902,0,0,0,0,,,0.025435,,,,,,,
1.49052,1000,,,,-0.004373093,0,0.061234105,0,0,0,0,,,0.026745,,,,,,,
1.51818,1000,,,,-0.004733471,0,0.057842259,0,0,0,0,,,0.02766,,,,,,,
1.544245,1000,,,,-0.004733471,0,0.055750272,0,0,0,0,,,0.026065,,,,,,,
1.577395,1000,,,,-0.004733471,0,0.057744184,0,0,0,0,,,0.03315,,,,,,,
1.62859,1000,,,,-0.004733471,0,0.057783733,0,0,0,0,,,0.051195,,,,,,,
1.658995,1000,,,,-0.005031306,0,0.060401116,0,0,0,0,,,0.030405,,,,,,,
1.686155,1000,,,,-0.005031306,0,0.059810879,0,0,0,0,,,0.02716,,,,,,,
1.712885,1000,,,,-0.005031306,0,0.058482335,0,0,0,0,,,0.02673,,,,,,,
1.741325,1000,,,,-0.005031306,0,0.059985062,0,0,0,0,,,0.02844,,,,,,,
1.767465,1000,,,,-0.005031306,0,0.059815662,0,0,0,0,,,0.02614,,,,,,,
1.792965,1000,,,,-0.005031306,0,0.060869809,0,0,0,0,,,0.0255,,,,,,,
1.821365,1000,,,,-0.005172235,0,0.061137157,0,0,0,0,,,0.0284,,,,,,,
1.847275,1000,,,,-0.005172235,0,0.062290178,0,0,0,0,,,0.02591,,,,,,,
1.875335,1000,,,,-0.005172235,0,0.060430415,0,0,0,0,,,0.02806,,,,,,,
1.90912,1000,,,,-0.005172235,0,0.059585349,0,0,0,0,,,0.033785,,,,,,,
1.967065,1000,,,,-0.005223559,0,0.060867172,0,0,0,0,,,0.057945,,,,,,,
1.997695,1000,,,,-0.005223559,0,0.06224749,0,0,0,0,,,0.03063,,,,,,,
2.03051,1000,,,,-0.005223559,0,0.063565958,0,0,0,0,,,0.032815,,,,,,,
2.06189,1000,,,,-0.005223559,0,0.063201845,0,0,0,0,,,0.03138,,,,,,,
2.11984,1000,,,,-0.005064081,0,0.063041742,0,0,0,0,,,0.05795,,,,,,,
2.145595,1000,,,,-0.005064081,0,0.06335091,0,0,0,0,,,0.025755,,,,,,,
2.17013,1000,,,,-0.005064081,0,0.06310091,0,0,0,0,,,0.024535,,,,,,,
2.19637,1000,,,,-0.005064081,0,0.066402273,0,0,0,0,,,0.02624,,,,,,,
2.22518,1000,,,,-0.005064081,0,0.066337146,0,0,0,0,,,0.02881,,,,,,,
2.252305,1000,,,,-0.005005049,0,0.068889619,0,0,0,0,,,0.027125,,,,,,,
2.282645,1000,,,,-0.005005049,0,0.069766898,0,0,0,0,,,0.03034,,,,,,,
2.307615,1000,,,,-0.005005049,0,0.068721584,0,0,0,0,,,0.02497,,,,,,,
2.33262,1000,,,,-0.005005049,0,0.067533738,0,0,0,0,,,0.025005,,,,,,,
2.358115,1000,,,,-0.005005049,0,0.067177865,0,0,0,0,,,0.025495,,,,,,,
2.38695,1000,,,,-0.005005049,0,0.06738892,0,0,0,0,,,0.028835,,,,,,,
2.41498,1000,,,,-0.005299664,0,0.068049889,0,0,0,0,,,0.02803,,,,,,,
2.4412,1000,,,,-0.005299664,0,0.067211429,0,0,0,0,,,0.02622,,,,,,,
2.467405,1000,,,,-0.005299664,0,0.066129563,0,0,0,0,,,0.026205,,,,,,,
2.49281,1000,,,,-0.005299664,0,0.065202376,0,0,0,0,,,0.025405,,,,,,,
2.519045,1000,,,,-0.005299664,0,0.064037962,0,0,0,0,,,0.026235,,,,,,,
2.54896,1000,,,,-0.005299664,0,0.064067541,0,0,0,0,,,0.029915,,,,,,,
2.575225,1000,,,,-0.005412932,0,0.062964554,0,0,0,0,,,0.026265,,,,,,,
2.601165,1000,,,,-0.005412932,0,0.063171953,0,0,0,0,,,0.02594,,,,,,,
2.626675,1000,,,,-0.005412932,0,0.061932816,0,0,0,0,,,0.02551,,,,,,,
2.653405,1000,,,,-0.005412932,0,0.063147013,0,0,0,0,,,0.02673,,,,,,,
2.680345,1000,,,,-0.005412932,0,0.062562635,0,0,0,0,,,0.02694,,,,,,,
2.734495,1000,,,,-0.005398392,0,0.065187527,0,0,0,0,,,0.05415,,,,,,,
2.758935,1000,,,,-0.005398392,0,0.065303555,0,0,0,0,,,0.02444,,,,,,,
2.78505,1000,,,,-0.005398392,0,0.065819273,0,0,0,0,,,0.026115,,,,,,,
2.81204,1000,,,,-0.005398392,0,0.065834073,0,0,0,0,,,0.02699,,,,,,,
2.84176,1000,,,,-0.005398392,0,0.064673906,0,0,0,0,,,0.02972,,,,,,,
2.868405,1000,,,,-0.005230135,0,0.062059419,0,0,0,0,,,0.026645,,,,,,,
2.89631,1000,,,,-0.005230135,0,0.060311779,0,0,0,0,,,0.027905,,,,,,,
2.922495,1000,,,,-0.005230135,0,0.060821214,0,0,0,0,,,0.026185,,,,,,,
2.950125,1000,,,,-0.005230135,0,0.065296733,0,0,0,0,,,0.02763,,,,,,,
2.97571,1000,,,,-0.005230135,0,0.066151942,0,0,0,0,,,0.025585,,,,,,,
3.00114,1000,,,,-0.005124358,0,0.06405904,0,0,0,0,,,0.02543,,,,,,,
3.02638,1000,,,,-0.005124358,0,0.06344879,0,0,0,0,,,0.02524,,,,,,,
3.054815,1000,,,,-0.005124358,0,0.064071575,0,0,0,0,,,0.028435,,,,,,,
3.08004,1000,,,,-0.005124358,0,0.063325326,0,0,0,0,,,0.025225,,,,,,,
3.105705,1000,,,,-0.005124358,0,0.063331591,0,0,0,0,,,0.025665,,,,,,,
3.13219,1000,,,,-0.005124358,0,0.062213068,0,0,0,0,,,0.026485,,,,,,,
3.15823,1000,,,,-0.004996033,0,0.061861404,0,0,0,0,,,0.02604,,,,,,,
3.186,1000,,,,-0.004996033,0,0.063381764,0,0,0,0,,,0.02777,,,,,,,
3.213505,1000,,,,-0.004996033,0,0.064150321,0,0,0,0,,,0.027505,,,,,,,
3.23996,1000,,,,-0.004996033,0,0.063911259,0,0,0,0,,,0.026455,,,,,,,
3.268115,1000,,,,-0.004996033,0,0.064799486,0,0,0,0,,,0.028155,,,,,,,
3.294005,1000,,,,-0.004996033,0,0.066312425,0,0,0,0,,,0.02589,,,,,,,
3.31881,1000,,,,-0.004943949,0,0.064366922,0,0,0,0,,,0.024805,,,,,,,
3.343925,1000,,,,-0.004943949,0,0.066355349,0,0,0,0,,,0.025115,,,,,,,
3.373375,1000,,,,-0.004943949,0,0.066028022,0,0,0,0,,,0.02945,,,,,,,
3.399345,1000,,,,-0.004943949,0,0.065483618,0,0,0,0,,,0.02597,,,,,,,
3.453325,1000,,,,-0.004943949,0,0.06832842,0,0,0,0,,,0.05398,,,,,,,
3.48019,1000,,,,-0.005183585,0,0.068213252,0,0,0,0,,,0.026865,,,,,,,
3.504785,1000,,,,-0.005183585,0,0.066243716,0,0,0,0,,,0.024595,,,,,,,
3.532885,1000,,,,-0.005183585,0,0.066644541,0,0,0,0,,,0.0281,,,,,,,
3.558945,1000,,,,-0.005183585,0,0.067143758,0,0,0,0,,,0.02606,,,,,,,
3.584825,1000,,,,-0.005183585,0,0.067456466,0,0,0,0,,,0.02588,,,,,,,
3.61021,1000,,,,-0.005268209,0,0.066970875,0,0,0,0,,,0.025385,,,,,,,
3.63526,1000,,,,-0.005268209,0,0.066079599,0,0,0,0,,,0.02505,,,,,,,
3.66052,1000,,,,-0.005268209,0,0.066450436,0,0,0,0,,,0.02526,,,,,,,
3.68919,1000,,,,-0.005268209,0,0.066248373,0,0,0,0,,,0.02867,,,,,,,
3.715795,1000,,,,-0.005268209,0,0.068010613,0,0,0,0,,,0.026605,,,,,,,
3.7471,1000,,,,-0.005268209,0,0.068217892,0,0,0,0,,,0.031305,,,,,,,
3.772365,1000,,,,-0.005311826,0,0.067956294,0,0,0,0,,,0.025265,,,,,,,
3.79782,1000,,,,-0.005311826,0,0.066534659,0,0,0,0,,,0.025455,,,,,,,
3.823725,1000,,,,-0.005311826,0,0.065278322,0,0,0,0,,,0.025905,,,,,,,
3.85412,1000,,,,-0.005311826,0,0.066553477,0,0,0,0,,,0.030395,,,,,,,
3.8792,1000,,,,-0.005311826,0,0.065932591,0,0,0,0,,,0.02508,,,,,,,
3.905055,1000,,,,-0.005498502,0,0.064446778,0,0,0,0,,,0.025855,,,,,,,
3.929545,1000,,,,-0.005498502,0,0.067142576,0,0,0,0,,,0.02449,,,,,,,
3.957175,1000,,,,-0.005498502,0,0.064744522,0,0,0,0,,,0.02763,,,,,,,
3.983395,1000,,,,-0.005498502,0,0.06686911,0,0,0,0,,,0.02622,,,,,,,
4.0119,1000,,,,-0.005498502,0,0.066848431,0,0,0,0,,,0.028505,,,,,,,
4.038335,1000,,,,-0.005498502,0,0.066939671,0,0,0,0,,,0.026435,,,,,,,
4.063745,1000,,,,-0.005592641,0,0.067969596,0,0,0,0,,,0.02541,,,,,,,
4.088925,1000,,,,-0.005592641,0,0.064509044,0,0,0,0,,,0.02518,,,,,,,
4.11627,1000,,,,-0.005592641,0,0.063255089,0,0,0,0,,,0.027345,,,,,,,
4.140715,1000,,,,-0.005592641,0,0.061889609,0,0,0,0,,,0.024445,,,,,,,
4.171115,1000,,,,-0.005592641,0,0.060887281,0,0,0,0,,,0.0304,,,,,,,
4.19792,1000,,,,-0.005592641,0,0.063411986,0,0,0,0,,,0.026805,,,,,,,
4.22385,1000,,,,-0.005435015,0,0.062894803,0,0,0,0,,,0.02593,,,,,,,
4.24888,1000,,,,-0.005435015,0,0.06545524,0,0,0,0,,,0.02503,,,,,,,
4.276285,1000,,,,-0.005435015,0,0.066313953,0,0,0,0,,,0.027405,,,,,,,
4.3016,1000,,,,-0.005435015,0,0.063615015,0,0,0,0,,,0.025315,,,,,,,
4.329905,1000,,,,-0.005435015,0,0.067110785,0,0,0,0,,,0.028305,,,,,,,
4.35617,1000,,,,-0.005284445,0,0.068551013,0,0,0,0,,,0.026265,,,,,,,
4.38183,1000,,,,-0.005284445,0,0.070362034,0,0,0,0,,,0.02566,,,,,,,
4.407615,1000,,,,-0.005284445,0,0.068105548,0,0,0,0,,,0.025785,,,,,,,
4.43305,1000,,,,-0.005284445,0,0.068347821,0,0,0,0,,,0.025435,,,,,,,
4.45777,1000,,,,-0.005284445,0,0.067504992,0,0,0,0,,,0.02472,,,,,,,
4.485895,1000,,,,-0.005284445,0,0.068036018,0,0,0,0,,,0.028125,,,,,,,
4.514045,1000,,,,-0.005080352,0,0.064529726,0,0,0,0,,,0.02815,,,,,,,
4.539785,1000,,,,-0.005080352,0,0.064133917,0,0,0,0,,,0.02574,,,,,,,
4.568265,1000,,,,-0.005080352,0,0.065144456,0,0,0,0,,,0.02848,,,,,,,
4.594195,1000,,,,-0.005080352,0,0.064525943,0,0,0,0,,,0.02593,,,,,,,
4.618555,1000,,,,-0.005080352,0,0.06485312,0,0,0,0,,,0.02436,,,,,,,
4.646475,1000,,,,-0.005080352,0,0.06476286,0,0,0,0,,,0.02792,,,,,,,
4.67321,1000,,,,-0.004922486,0,0.063193515,0,0,0,0,,,0.026735,,,,,,,
4.69967,1000,,,,-0.004922486,0,0.062990925,0,0,0,0,,,0.02646,,,,,,,
4.72578,1000,,,,-0.004922486,0,0.065604627,0,0,0,0,,,0.02611,,,,,,,
4.7517,1000,,,,-0.004922486,0,0.064364648,0,0,0,0,,,0.02592,,,,,,,
4.77672,1000,,,,-0.004922486,0,0.064345914,0,0,0,0,,,0.02502,,,,,,,
4.80788,1000,,,,-0.004933492,0,0.062092485,0,0,0,0,,,0.03116,,,,,,,
4.83195,1000,,,,-0.004933492,0,0.064083401,0,0,0,0,,,0.02407,,,,,,,
4.85794,1000,,,,-0.004933492,0,0.063699607,0,0,0,0,,,0.02599,,,,,,,
4.88405,1000,,,,-0.004933492,0,0.065265818,0,0,0,0,,,0.02611,,,,,,,
4.90896,1000,,,,-0.004933492,0,0.064741787,0,0,0,0,,,0.02491,,,,,,,
4.93412,1000,,,,-0.004933492,0,0.064922049,0,0,0,0,,,0.02516,,,,,,,
4.963345,1000,,,,-0.005088229,0,0.065350914,0,0,0,0,,,0.029225,,,,,,,
4.991,1000,,,,-0.005088229,0,0.064010854,0,0,0,0,,,0.027655,,,,,,,
5.01697,1000,,,,-0.005088229,0,0.063805376,0,0,0,0,,,0.02597,,,,,,,
5.04288,1000,,,,-0.005088229,0,0.063347022,0,0,0,0,,,0.02591,,,,,,,
5.068135,1000,,,,-0.005088229,0,0.061570663,0,0,0,0,,,0.025255,,,,,,,
5.09397,1000,,,,-0.005088229,0,0.059626236,0,0,0,0,,,0.025835,,,,,,,
5.122405,1000,,,,-0.005595774,0,0.060301587,0,0,0,0,,,0.028435,,,,,,,
5.149345,1000,,,,-0.005595774,0,0.059590454,0,0,0,0,,,0.02694,,,,,,,
5.17669,1000,,,,-0.005595774,0,0.060094946,0,0,0,0,,,0.027345,,,,,,,
5.20207,1000,,,,-0.005595774,0,0.062636878,0,0,0,0,,,0.02538,,,,,,,
5.228115,1000,,,,-0.005595774,0,0.063532125,0,0,0,0,,,0.026045,,,,,,,
5.25546,1000,,,,-0.005372729,0,0.066102375,0,0,0,0,,,0.027345,,,,,,,
5.284385,1000,,,,-0.005372729,0,0.065954488,0,0,0,0,,,0.028925,,,,,,,
5.3113,1000,,,,-0.005372729,0,0.065172381,0,0,0,0,,,0.026915,,,,,,,
5.337115,1000,,,,-0.005372729,0,0.065564809,0,0,0,0,,,0.025815,,,,,,,
5.36231,1000,,,,-0.005372729,0,0.065116789,0,0,0,0,,,0.025195,,,,,,,
5.387125,1000,,,,-0.005372729,0,0.064116876,0,0,0,0,,,0.024815,,,,,,,
5.411815,1000,,,,-0.005981727,0,0.062112935,0,0,0,0,,,0.02469,,,,,,,
5.466915,1000,,,,-0.005981727,0,0.064914372,0,0,0,0,,,0.0551,,,,,,,
5.518165,1000,,,,-0.005981727,0,0.065083701,0,0,0,0,,,0.05125,,,,,,,
5.54385,1000,,,,-0.005981727,0,0.0631204,0,0,0,0,,,0.025685,,,,,,,
5.56881,1000,,,,-0.005623863,0,0.06555422,0,0,0,0,,,0.02496,,,,,,,
5.59433,1000,,,,-0.005623863,0,0.066247641,0,0,0,0,,,0.02552,,,,,,,
5.62165,1000,,,,-0.005623863,0,0.067468702,0,0,0,0,,,0.02732,,,,,,,
5.64845,1000,,,,-0.005623863,0,0.066388872,0,0,0,0,,,0.0268,,,,,,,
5.674715,1000,,,,-0.005623863,0,0.0659588,0,0,0,0,,,0.026265,,,,,,,
5.699925,1000,,,,-0.005623863,0,0.064125205,0,0,0,0,,,0.02521,,,,,,,
5.7246,1000,,,,-0.005480985,0,0.063594398,0,0,0,0,,,0.024675,,,,,,,
5.74978,1000,,,,-0.005480985,0,0.0624302,0,0,0,0,,,0.02518,,,,,,,
5.7772,1000,,,,-0.005480985,0,0.06383214,0,0,0,0,,,0.02742,,,,,,,
5.803085,1000,,,,-0.005480985,0,0.062252682,0,0,0,0,,,0.025885,,,,,,,
5.829995,1000,,,,-0.005480985,0,0.061558896,0,0,0,0,,,0.02691,,,,,,,
5.854635,1000,,,,-0.005345146,0,0.060532666,0,0,0,0,,,0.02464,,,,,,,
5.8813,1000,,,,-0.005345146,0,0.06359021,0,0,0,0,,,0.026665,,,,,,,
5.906255,1000,,,,-0.005345146,0,0.062676867,0,0,0,0,,,0.024955,,,,,,,
5.933905,1000,,,,-0.005345146,0,0.062220151,0,0,0,0,,,0.02765,,,,,,,
5.9603,1000,,,,-0.005345146,0,0.061810043,0,0,0,0,,,0.026395,,,,,,,
5.986555,1000,,,,-0.005345146,0,0.061322108,0,0,0,0,,,0.026255,,,,,,,
6.01204,1000,,,,-0.004925051,0,0.059250383,0,0,0,0,,,0.025485,,,,,,,
6.037285,1000,,,,-0.004925051,0,0.059721607,0,0,0,0,,,0.025245,,,,,,,
6.06427,1000,,,,-0.004925051,0,0.061348207,0,0,0,0,,,0.026985,,,,,,,
6.09336,1000,,,,-0.004925051,0,0.060429979,0,0,0,0,,,0.02909,,,,,,,
6.1185,1000,,,,-0.004925051,0,0.061085044,0,0,0,0,,,0.02514,,,,,,,
6.16355,1000,,,,-0.004925051,0,0.059134618,0,0,0,0,,,0.04505,,,,,,,
6.18903,1000,,,,-0.004746379,0,0.059798422,0,0,0,0,,,0.02548,,,,,,,
6.214225,1000,,,,-0.004746379,0,0.062231175,0,0,0,0,,,0.025195,,,,,,,
6.23928,1000,,,,-0.004746379,0,0.062107978,0,0,0,0,,,0.025055,,,,,,,
6.267385,1000,,,,-0.004746379,0,0.062540771,0,0,0,0,,,0.028105,,,,,,,
6.29398,1000,,,,-0.004746379,0,0.061559479,0,0,0,0,,,0.026595,,,,,,,
6.31892,1000,,,,-0.00480604,0,0.061184132,0,0,0,0,,,0.02494,,,,,,,
6.345485,1000,,,,-0.00480604,0,0.0616515,0,0,0,0,,,0.026565,,,,,,,
6.37014,1000,,,,-0.00480604,0,0.063144727,0,0,0,0,,,0.024655,,,,,,,
6.39506,1000,,,,-0.00480604,0,0.064494737,0,0,0,0,,,0.02492,,,,,,,
6.4229,1000,,,,-0.00480604,0,0.06471194,0,0,0,0,,,0.02784,,,,,,,
6.44868,1000,,,,-0.00480604,0,0.064513405,0,0,0,0,,,0.02578,,,,,,,
6.47428,1000,,,,-0.005428421,0,0.065640975,0,0,0,0,,,0.0256,,,,,,,
6.49918,1000,,,,-0.005428421,0,0.062528433,0,0,0,0,,,0.0249,,,,,,,
6.525465,1000,,,,-0.005428421,0,0.0626551,0,0,0,0,,,0.026285,,,,,,,
6.55213,1000,,,,-0.005428421,0,0.063681678,0,0,0,0,,,0.026665,,,,,,,
6.580975,1000,,,,-0.005428421,0,0.064277767,0,0,0,0,,,0.028845,,,,,,,
6.60779,1000,,,,-0.005831711,0,0.064415294,0,0,0,0,,,0.026815,,,,,,,
6.633405,1000,,,,-0.005831711,0,0.063291515,0,0,0,0,,,0.025615,,,,,,,
6.65863,1000,,,,-0.005831711,0,0.063553591,0,0,0,0,,,0.025225,,,,,,,
6.68411,1000,,,,-0.005831711,0,0.063367539,0,0,0,0,,,0.02548,,,,,,,
6.70915,1000,,,,-0.005831711,0,0.064501953,0,0,0,0,,,0.02504,,,,,,,
6.73689,1000,,,,-0.005831711,0,0.06496802,0,0,0,0,,,0.02774,,,,,,,
6.76346,1000,,,,-0.006030776,0,0.066041738,0,0,0,0,,,0.02657,,,,,,,
6.78934,1000,,,,-0.006030776,0,0.063492269,0,0,0,0,,,0.02588,,,,,,,
6.81562,1000,,,,-0.006030776,0,0.064133331,0,0,0,0,,,0.02628,,,,,,,
6.841485,1000,,,,-0.006030776,0,0.064790281,0,0,0,0,,,0.025865,,,,,,,
6.867585,1000,,,,-0.006030776,0,0.065502508,0,0,0,0,,,0.0261,,,,,,,
6.89732,1000,,,,-0.006030776,0,0.064569669,0,0,0,0,,,0.029735,,,,,,,
6.923475,1000,,,,-0.005673294,0,0.066441408,0,0,0,0,,,0.026155,,,,,,,
6.949445,1000,,,,-0.005673294,0,0.065461233,0,0,0,0,,,0.02597,,,,,,,
6.975135,1000,,,,-0.005673294,0,0.064399138,0,0,0,0,,,0.02569,,,,,,,
7.000205,1000,,,,-0.005673294,0,0.065027213,0,0,0,0,,,0.02507,,,,,,,
7.026375,1000,,,,-0.005673294,0,0.06713595,0,0,0,0,,,0.02617,,,,,,,
7.0547,1000,,,,-0.005673294,0,0.066213988,0,0,0,0,,,0.028325,,,,,,,
7.080805,1000,,,,-0.005534506,0,0.066300816,0,0,0,0,,,0.026105,,,,,,,
7.10635,1000,,,,-0.005534506,0,0.064786509,0,0,0,0,,,0.025545,,,,,,,
7.13244,1000,,,,-0.005534506,0,0.062732323,0,0,0,0,,,0.02609,,,,,,,
7.160355,1000,,,,-0.005534506,0,0.063635753,0,0,0,0,,,0.027915,,,,,,,
7.186335,1000,,,,-0.005534506,0,0.062879529,0,0,0,0,,,0.02598,,,,,,,
7.214045,1000,,,,-0.005271928,0,0.063876086,0,0,0,0,,,0.02771,,,,,,,
7.24011,1000,,,,-0.005271928,0,0.06276886,0,0,0,0,,,0.026065,,,,,,,
7.26743,1000,,,,-0.005271928,0,0.064462415,0,0,0,0,,,0.02732,,,,,,,
7.292095,1000,,,,-0.005271928,0,0.065555996,0,0,0,0,,,0.024665,,,,,,,
7.317435,1000,,,,-0.005271928,0,0.064483471,0,0,0,0,,,0.02534,,,,,,,
7.34221,1000,,,,-0.005271928,0,0.063437143,0,0,0,0,,,0.024775,,,,,,,
7.37076,1000,,,,-0.004901395,0,0.062171608,0,0,0,0,,,0.02855,,,,,,,
7.396675,1000,,,,-0.004901395,0,0.062024579,0,0,0,0,,,0.025915,,,,,,,
7.423605,1000,,,,-0.004901395,0,0.061235412,0,0,0,0,,,0.02693,,,,,,,
7.45004,1000,,,,-0.004901395,0,0.060895829,0,0,0,0,,,0.026435,,,,,,,
7.476775,1000,,,,-0.004901395,0,0.061637773,0,0,0,0,,,0.026735,,,,,,,
7.5028,1000,,,,-0.004901395,0,0.06309378,0,0,0,0,,,0.026025,,,,,,,
7.53262,1000,,,,-0.004749788,0,0.061120298,0,0,0,0,,,0.02982,,,,,,,
7.55868,1000,,,,-0.004749788,0,0.062651948,0,0,0,0,,,0.02606,,,,,,,
7.58458,1000,,,,-0.004749788,0,0.062629025,0,0,0,0,,,0.0259,,,,,,,
7.609835,1000,,,,-0.004749788,0,0.063730876,0,0,0,0,,,0.025255,,,,,,,
7.634235,1000,,,,-0.004749788,0,0.064312523,0,0,0,0,,,0.0244,,,,,,,
7.65901,1000,,,,-0.00502289,0,0.063623491,0,0,0,0,,,0.024775,,,,,,,
7.68797,1000,,,,-0.00502289,0,0.064758543,0,0,0,0,,,0.02896,,,,,,,
7.71395,1000,,,,-0.00502289,0,0.066305143,0,0,0,0,,,0.02598,,,,,,,
7.74012,1000,,,,-0.00502289,0,0.065578908,0,0,0,0,,,0.02617,,,,,,,
7.765885,1000,,,,-0.00502289,0,0.067325483,0,0,0,0,,,0.025765,,,,,,,
7.793195,1000,,,,-0.00502289,0,0.067656063,0,0,0,0,,,0.02731,,,,,,,
7.81891,1000,,,,-0.005165132,0,0.067394823,0,0,0,0,,,0.025715,,,,,,,
7.84876,1000,,,,-0.005165132,0,0.065544689,0,0,0,0,,,0.02985,,,,,,,
7.87613,1000,,,,-0.005165132,0,0.066717375,0,0,0,0,,,0.02737,,,,,,,
7.901145,1000,,,,-0.005165132,0,0.066333738,0,0,0,0,,,0.025015,,,,,,,
7.930005,1000,,,,-0.005165132,0,0.066910212,0,0,0,0,,,0.02886,,,,,,,
7.95505,1000,,,,-0.005165132,0,0.067007576,0,0,0,0,,,0.025045,,,,,,,
7.979925,1000,,,,-0.005084836,0,0.066464044,0,0,0,0,,,0.024875,,,,,,,
8.00786,1000,,,,-0.005084836,0,0.063362036,0,0,0,0,,,0.027935,,,,,,,
8.059705,1000,,,,-0.005084836,0,0.066755902,0,0,0,0,,,0.051845,,,,,,,
8.085315,1000,,,,-0.005084836,0,0.063627628,0,0,0,0,,,0.02561,,,,,,,
8.11177,1000,,,,-0.00505658,0,0.062712448,0,0,0,0,,,0.026455,,,,,,,
8.1886,1000,,,,-0.00505658,0,0.061154064,0,0,0,0,,,0.07683,,,,,,,
8.21422,1000,,,,-0.00505658,0,0.060404146,0,0,0,0,,,0.02562,,,,,,,
8.240015,1000,,,,-0.00505658,0,0.060869278,0,0,0,0,,,0.025795,,,,,,,
8.265275,1000,,,,-0.004965015,0,0.061765945,0,0,0,0,,,0.02526,,,,,,,
8.29013,1000,,,,-0.004965015,0,0.065506872,0,0,0,0,,,0.024855,,,,,,,
8.320385,1000,,,,-0.004965015,0,0.064627359,0,0,0,0,,,0.030255,,,,,,,
8.34669,1000,,,,-0.004965015,0,0.068022888,0,0,0,0,,,0.026305,,,,,,,
8.372735,1000,,,,-0.004965015,0,0.066369531,0,0,0,0,,,0.026045,,,,,,,
8.39856,1000,,,,-0.004965015,0,0.064858292,0,0,0,0,,,0.025825,,,,,,,
8.424315,1000,,,,-0.00492706,0,0.063943861,0,0,0,0,,,0.025755,,,,,,,
8.45097,1000,,,,-0.00492706,0,0.062741856,0,0,0,0,,,0.026655,,,,,,,
8.47987,1000,,,,-0.00492706,0,0.061670885,0,0,0,0,,,0.0289,,,,,,,
8.505635,1000,,,,-0.00492706,0,0.063514287,0,0,0,0,,,0.025765,,,,,,,
8.53125,1000,,,,-0.00492706,0,0.064013314,0,0,0,0,,,0.025615,,,,,,,
8.556285,1000,,,,-0.00492706,0,0.061652249,0,0,0,0,,,0.025035,,,,,,,
8.58092,1000,,,,-0.004912029,0,0.062548067,0,0,0,0,,,0.024635,,,,,,,
8.60655,1000,,,,-0.004912029,0,0.063433799,0,0,0,0,,,0.02563,,,,,,,
8.634345,1000,,,,-0.004912029,0,0.062046566,0,0,0,0,,,0.027795,,,,,,,
8.659545,1000,,,,-0.004912029,0,0.061356759,0,0,0,0,,,0.0252,,,,,,,
8.68609,1000,,,,-0.004912029,0,0.060223076,0,0,0,0,,,0.026545,,,,,,,
8.7114,1000,,,,-0.004539863,0,0.058997056,0,0,0,0,,,0.02531,,,,,,,
8.7373,1000,,,,-0.004539863,0,0.058871468,0,0,0,0,,,0.0259,,,,,,,
8.762745,1000,,,,-0.004539863,0,0.060191943,0,0,0,0,,,0.025445,,,,,,,
8.78888,1000,,,,-0.004539863,0,0.060623666,0,0,0,0,,,0.026135,,,,,,,
8.848905,1000,,,,-0.004539863,0,0.06283368,0,0,0,0,,,0.060025,,,,,,,
8.87438,1000,,,,-0.004956183,0,0.062428573,0,0,0,0,,,0.025475,,,,,,,
8.90018,1000,,,,-0.004956183,0,0.061658387,0,0,0,0,,,0.0258,,,,,,,
8.92504,1000,,,,-0.004956183,0,0.061403037,0,0,0,0,,,0.02486,,,,,,,
8.95801,1000,,,,-0.004956183,0,0.061400239,0,0,0,0,,,0.03297,,,,,,,
9.01426,1003.842,,,,-0.004573504,0,0.060748632,0,0,0,0,,,0.05625,,,,,,,
9.042175,1005.5355,,,,-0.004573504,0,0.059780431,0,0,0,0,,,0.027915,,,,,,,
9.07068,1008.338,,,,-0.004573504,0,0.060772137,0,0,0,0,,,0.028505,,,,,,,
9.094735,1011.2145,,,,-0.004573504,0,0.061515304,0,0,0,0,,,0.024055,,,,,,,
9.124075,1013.5645,,,,-0.004573504,0,0.061791075,0,0,0,0,,,0.02934,,,,,,,
9.150895,1016.528,,,,-0.004573504,0,0.063644382,0,0,0,0,,,0.02682,,,,,,,
9.177455,1019.253,,,,-0.005080191,0,0.064121599,0,0,0,0,,,0.02656,,,,,,,
9.20362,1021.86,,,,-0.005080191,0,0.06237165,0,0,0,0,,,0.026165,,,,,,,
9.23038,1024.5045,,,,-0.005080191,0,0.062667753,0,0,0,0,,,0.02676,,,,,,,
9.255545,1027.154,,,,-0.005080191,0,0.065599618,0,0,0,0,,,0.025165,,,,,,,
9.28331,1029.666,,,,-0.005080191,0,0.064898137,0,0,0,0,,,0.027765,,,,,,,
9.30992,1032.4555,,,,-0.005080191,0,0.063913481,0,0,0,0,,,0.02661,,,,,,,
9.335715,1035.12,,,,-0.005384782,0,0.06291697,0,0,0,0,,,0.025795,,,,,,,
9.3617,1037.7185,,,,-0.005384782,0,0.064154632,0,0,0,0,,,0.025985,,,,,,,
9.38727,1040.286,,,,-0.005384782,0,0.063906154,0,0,0,0,,,0.02557,,,,,,,
9.414015,1042.836,,,,-0.005384782,0,0.063558374,0,0,0,0,,,0.026745,,,,,,,
9.441755,1045.5205,,,,-0.005384782,0,0.061859539,0,0,0,0,,,0.02774,,,,,,,
9.46715,1048.5515,,,,-0.005493277,0,0.061281356,0,0,0,0,,,0.025395,,,,,,,
9.49376,1050.8855,,,,-0.005493277,0,0.063150203,0,0,0,0,,,0.02661,,,,,,,
9.518535,1053.486,,,,-0.005493277,0,0.065345241,0,0,0,0,,,0.024775,,,,,,,
9.543545,1055.95,,,,-0.005493277,0,0.063717182,0,0,0,0,,,0.02501,,,,,,,
9.569285,1058.462,,,,-0.005493277,0,0.062624609,0,0,0,0,,,0.02574,,,,,,,
9.596945,1061.0415,,,,-0.005493277,0,0.061340736,0,0,0,0,,,0.02766,,,,,,,
9.621375,1063.9865,,,,-0.005110874,0,0.06050787,0,0,0,0,,,0.02443,,,,,,,
9.64617,1066.234,,,,-0.005110874,0,0.06036952,0,0,0,0,,,0.024795,,,,,,,
9.67122,1068.7225,,,,-0.005110874,0,0.060677434,0,0,0,0,,,0.02505,,,,,,,
9.69666,1071.226,,,,-0.005110874,0,0.06253759,0,0,0,0,,,0.02544,,,,,,,
9.72368,1073.795,,,,-0.005110874,0,0.064199724,0,0,0,0,,,0.02702,,,,,,,
9.75299,1076.48,,,,-0.005110874,0,0.063941864,0,0,0,0,,,0.02931,,,,,,,
9.805965,1082.1325,,,,-0.004941264,0,0.063632675,0,0,0,0,,,0.052975,,,,,,,
9.832715,1084.707,,,,-0.004941264,0,0.061593253,0,0,0,0,,,0.02675,,,,,,,
9.85808,1087.387,,,,-0.004941264,0,0.061562705,0,0,0,0,,,0.025365,,,,,,,
9.885455,1089.922,,,,-0.004941264,0,0.062361779,0,0,0,0,,,0.027375,,,,,,,
9.914805,1092.6695,,,,-0.004941264,0,0.062281895,0,0,0,0,,,0.02935,,,,,,,
9.93966,1095.868,,,,-0.004887651,0,0.060722305,0,0,0,0,,,0.024855,,,,,,,
9.965555,1098.072,,,,-0.004887651,0,0.06453096,0,0,0,0,,,0.025895,,,,,,,
9.9923,1100.9735,,,,-0.004887651,0,0.065424103,0,0,0,0,,,0.026745,,,,,,,
10.017465,1103.398,,,,-0.004887651,0,0.065124015,0,0,0,0,,,0.025165,,,,,,,
10.04142,1105.839,,,,-0.004887651,0,0.063178615,0,0,0,0,,,0.023955,,,,,,,
10.07292,1108.233,,,,-0.004855749,0,0.061549239,0,0,0,0,,,0.0315,,,,,,,
10.09803,1111.526,,,,-0.004855749,0,0.061905754,0,0,0,0,,,0.02511,,,,,,,
10.143605,1113.9395,,,,-0.004855749,0,0.060337597,0,0,0,0,,,0.045575,,,,,,,
10.167385,1118.7095,,,,-0.004855749,0,0.061430811,0,0,0,0,,,0.02378,,,,,,,
10.19349,1120.8365,,,,-0.004855749,0,0.059528555,0,0,0,0,,,0.026105,,,,,,,
10.21918,1123.62,,,,-0.005164186,0,0.059844982,0,0,0,0,,,0.02569,,,,,,,
10.24807,1126.0535,,,,-0.005164186,0,0.058423232,0,0,0,0,,,0.02889,,,,,,,
10.27373,1128.9465,,,,-0.005164186,0,0.0590604,0,0,0,0,,,0.02566,,,,,,,
10.299895,1131.476,,,,-0.005164186,0,0.057777753,0,0,0,0,,,0.026165,,,,,,,
10.325315,1134.148,,,,-0.005164186,0,0.05883995,0,0,0,0,,,0.02542,,,,,,,
10.351575,1136.6785,,,,-0.005164186,0,0.059406712,0,0,0,0,,,0.02626,,,,,,,
10.37665,1139.2715,,,,-0.005117329,0,0.061249006,0,0,0,0,,,0.025075,,,,,,,
10.40444,1141.7775,,,,-0.005117329,0,0.060294378,0,0,0,0,,,0.02779,,,,,,,
10.432435,1144.8055,,,,-0.005117329,0,0.061024983,0,0,0,0,,,0.027995,,,,,,,
10.459295,1147.373,,,,-0.005117329,0,0.061367063,0,0,0,0,,,0.02686,,,,,,,
10.48591,1150.0695,,,,-0.005117329,0,0.061709479,0,0,0,0,,,0.026615,,,,,,,
10.511825,1152.7015,,,,-0.005117329,0,0.060911072,0,0,0,0,,,0.025915,,,,,,,
10.537425,1155.299,,,,-0.005279651,0,0.059071484,0,0,0,0,,,0.0256,,,,,,,
10.56571,1157.8565,,,,-0.005279651,0,0.059698994,0,0,0,0,,,0.028285,,,,,,,
10.591715,1160.9055,,,,-0.005279651,0,0.062494096,0,0,0,0,,,0.026005,,,,,,,
10.61671,1163.3,,,,-0.005279651,0,0.062747587,0,0,0,0,,,0.024995,,,,,,,
10.642605,1165.81,,,,-0.005279651,0,0.063984609,0,0,0,0,,,0.025895,,,,,,,
10.66939,1168.3795,,,,-0.005174627,0,0.066167925,0,0,0,0,,,0.026785,,,,,,,
10.695655,1171.0865,,,,-0.005174627,0,0.063737774,0,0,0,0,,,0.026265,,,,,,,
10.723305,1173.679,,,,-0.005174627,0,0.064436185,0,0,0,0,,,0.02765,,,,,,,
10.74849,1176.4465,,,,-0.005174627,0,0.063621996,0,0,0,0,,,0.025185,,,,,,,
10.773965,1178.9775,,,,-0.005174627,0,0.063453951,0,0,0,0,,,0.025475,,,,,,,
10.800505,1181.4935,,,,-0.005174627,0,0.064092158,0,0,0,0,,,0.02654,,,,,,,
10.826255,1184.1905,,,,0.015971371,0,0.066648758,0,0,0,0,,,0.02575,,,,,,,
10.852855,1186.7855,,,,0.015971371,0,0.065013974,0,0,0,0,,,0.0266,,,,,,,
10.881905,1189.399,,,,0.015971371,0,0.066463742,0,0,0,0,,,0.02905,,,,,,,
10.9339,1194.9315,,,,0.015971371,0,0.061896409,0,0,0,0,,,0.051995,,,,,,,
10.958635,1197.5005,,,,0.015971371,0,0.063237485,0,0,0,0,,,0.024735,,,,,,,
10.98383,1199.971,,,,0.036263695,0,0.061608728,0,0,0,0,,,0.025195,,,,,,,
11.009005,1202.52,,,,0.036263695,0,0.062244384,0,0,0,0,,,0.025175,,,,,,,
11.036085,1205.015,,,,0.036263695,0,0.063585151,0,0,0,0,,,0.02708,,,,,,,
11.060985,1207.9135,,,,0.036263695,0,0.065305694,0,0,0,0,,,0.0249,,,,,,,
11.0873,1210.234,,,,0.036263695,0,0.06514934,0,0,0,0,,,0.026315,,,,,,,
11.11406,1212.8645,,,,0.036263695,0,0.064136448,0,0,0,0,,,0.02676,,,,,,,
11.14084,1215.5215,,,,0.051056629,0,0.064560121,0,0,0,0,,,0.02678,,,,,,,
11.169175,1218.191,,,,0.051056629,0,0.063207384,0,0,0,0,,,0.028335,,,,,,,
11.198895,1221.066,,,,0.051056629,0,0.063123352,0,0,0,0,,,0.02972,,,,,,,
11.25199,1226.7695,,,,0.051056629,0,0.065327779,0,0,0,0,,,0.053095,,,,,,,
11.27697,1229.345,,,,0.060933203,0,0.065295432,0,0,0,0,,,0.02498,,,,,,,
11.302525,1231.809,,,,0.060933203,0,0.065138153,0,0,0,0,,,0.025555,,,,,,,
11.328855,1234.403,,,,0.060933203,0,0.066312239,0,0,0,0,,,0.02633,,,,,,,
11.357435,1236.9955,,,,0.060933203,0,0.063530095,0,0,0,0,,,0.02858,,,,,,,
11.38237,1239.8675,,,,0.060933203,0,0.064156285,0,0,0,0,,,0.024935,,,,,,,
11.408355,1242.359,,,,0.060933203,0,0.065705784,0,0,0,0,,,0.025985,,,,,,,
11.43548,1245.1125,,,,0.079714261,0,0.064796161,0,0,0,0,,,0.027125,,,,,,,
11.46215,1247.6705,,,,0.079714261,0,0.063848975,0,0,0,0,,,0.02667,,,,,,,
11.486585,1250.3895,,,,0.079714261,0,0.062475134,0,0,0,0,,,0.024435,,,,,,,
11.514355,1252.752,,,,0.079714261,0,0.062318649,0,0,0,0,,,0.02777,,,,,,,
11.56921,1255.594,,,,0.079714261,0,0.059739754,0,0,0,0,,,0.054855,,,,,,,
11.59516,1261.392,,,,0.095025109,0,0.061521213,0,0,0,0,,,0.02595,,,,,,,
11.61967,1263.6035,,,,0.095025109,0,0.060338487,0,0,0,0,,,0.02451,,,,,,,
11.647325,1266.0745,,,,0.095025109,0,0.061258308,0,0,0,0,,,0.027655,,,,,,,
11.67692,1268.871,,,,0.095025109,0,0.06086766,0,0,0,0,,,0.029595,,,,,,,
11.701605,1271.7945,,,,0.095025109,0,0.060494744,0,0,0,0,,,0.024685,,,,,,,
11.72667,1274.3035,,,,0.112860768,0,0.060218525,0,0,0,0,,,0.025065,,,,,,,
11.752695,1276.7715,,,,0.112860768,0,0.060039743,0,0,0,0,,,0.026025,,,,,,,
11.77819,1279.3785,,,,0.112860768,0,0.060272114,0,0,0,0,,,0.025495,,,,,,,
11.80481,1281.9795,,,,0.112860768,0,0.059150663,0,0,0,0,,,0.02662,,,,,,,
11.834305,1284.618,,,,0.112860768,0,0.059809796,0,0,0,0,,,0.029495,,,,,,,
11.85865,1287.758,,,,0.112860768,0,0.059168192,0,0,0,0,,,0.024345,,,,,,,
11.884855,1289.9615,,,,0.13159709,0,0.060174632,0,0,0,0,,,0.026205,,,,,,,
11.910755,1292.649,,,,0.13159709,0,0.061432764,0,0,0,0,,,0.0259,,,,,,,
11.935915,1295.1895,,,,0.13159709,0,0.060955438,0,0,0,0,,,0.02516,,,,,,,
11.96185,1297.703,,,,0.13159709,0,0.062624545,0,0,0,0,,,0.025935,,,,,,,
11.989735,1300.297,,,,0.13159709,0,0.061597782,0,0,0,0,,,0.027885,,,,,,,
12.045595,1306.207,,,,0.147544263,0,0.060880297,0,0,0,0,,,0.05586,,,,,,,
12.06994,1308.6575,,,,0.147544263,0,0.061732599,0,0,0,0,,,0.024345,,,,,,,
12.093605,1311.086,,,,0.147544263,0,0.061683964,0,0,0,0,,,0.023665,,,,,,,
12.118025,1313.45,,,,0.147544263,0,0.060341416,0,0,0,0,,,0.02442,,,,,,,
12.14566,1315.898,,,,0.147544263,0,0.061783316,0,0,0,0,,,0.027635,,,,,,,
12.17227,1318.672,,,,0.164729223,0,0.059774459,0,0,0,0,,,0.02661,,,,,,,
12.199265,1321.362,,,,0.164729223,0,0.060842444,0,0,0,0,,,0.026995,,,,,,,
12.22725,1324.0815,,,,0.164729223,0,0.061846569,0,0,0,0,,,0.027985,,,,,,,
12.25407,1326.87,,,,0.164729223,0,0.06211643,0,0,0,0,,,0.02682,,,,,,,
12.279825,1329.517,,,,0.164729223,0,0.061651705,0,0,0,0,,,0.025755,,,,,,,
12.30785,1332.095,,,,0.164729223,0,0.063284319,0,0,0,0,,,0.028025,,,,,,,
12.334315,1334.9105,,,,0.186676649,0,0.062820373,0,0,0,0,,,0.026465,,,,,,,
12.36117,1337.558,,,,0.186676649,0,0.06127878,0,0,0,0,,,0.026855,,,,,,,
12.387,1340.2565,,,,0.186676649,0,0.061724454,0,0,0,0,,,0.02583,,,,,,,
12.412705,1342.8075,,,,0.186676649,0,0.061581046,0,0,0,0,,,0.025705,,,,,,,
12.43793,1345.386,,,,0.186676649,0,0.065009002,0,0,0,0,,,0.025225,,,,,,,
12.467355,1347.9015,,,,0.186676649,0,0.064109529,0,0,0,0,,,0.029425,,,,,,,
12.521835,1353.864,,,,0.208358169,0,0.065361622,0,0,0,0,,,0.05448,,,,,,,
12.54795,1356.3085,,,,0.208358169,0,0.066590505,0,0,0,0,,,0.026115,,,,,,,
12.574165,1358.9335,,,,0.208358169,0,0.066246067,0,0,0,0,,,0.026215,,,,,,,
12.600045,1361.544,,,,0.208358169,0,0.06751319,0,0,0,0,,,0.02588,,,,,,,
12.63079,1364.1625,,,,0.223125605,0,0.065960885,0,0,0,0,,,0.030745,,,,,,,
12.68163,1369.616,,,,0.223125605,0,0.065487927,0,0,0,0,,,0.05084,,,,,,,
12.707935,1372.291,,,,0.223125605,0,0.063916015,0,0,0,0,,,0.026305,,,,,,,
12.73298,1374.911,,,,0.223125605,0,0.06281896,0,0,0,0,,,0.025045,,,,,,,
12.759745,1377.443,,,,0.223125605,0,0.065118293,0,0,0,0,,,0.026765,,,,,,,
12.787705,1380.0935,,,,0.245388596,0,0.063048918,0,0,0,0,,,0.02796,,,,,,,
12.814645,1382.8945,,,,0.245388596,0,0.065581301,0,0,0,0,,,0.02694,,,,,,,
12.844805,1385.587,,,,0.245388596,0,0.063408054,0,0,0,0,,,0.03016,,,,,,,
12.901505,1388.716,,,,0.245388596,0,0.067655026,0,0,0,0,,,0.0567,,,,,,,
12.9257,1394.27,,,,0.268608039,0,0.06718124,0,0,0,0,,,0.024195,,,,,,,
12.95466,1396.6565,,,,0.268608039,0,0.066373731,0,0,0,0,,,0.02896,,,,,,,
12.980895,1399.5825,,,,0.268608039,0,0.068269016,0,0,0,0,,,0.026235,,,,,,,
13.007585,1402.2455,,,,0.268608039,0,0.068046947,0,0,0,0,,,0.02669,,,,,,,
13.03295,1404.902,,,,0.268608039,0,0.067361821,0,0,0,0,,,0.025365,,,,,,,
13.058355,1407.4305,,,,0.268608039,0,0.066887351,0,0,0,0,,,0.025405,,,,,,,
13.0846,1409.9465,,,,0.286153454,0,0.064822332,0,0,0,0,,,0.026245,,,,,,,
13.11237,1412.6385,,,,0.286153454,0,0.064993349,0,0,0,0,,,0.02777,,,,,,,
13.1366,1415.3395,,,,0.286153454,0,0.06338968,0,0,0,0,,,0.02423,,,,,,,
13.161395,1417.7565,,,,0.286153454,0,0.064609176,0,0,0,0,,,0.024795,,,,,,,
13.187015,1420.251,,,,0.286153454,0,0.06442897,0,0,0,0,,,0.02562,,,,,,,
13.21215,1422.8315,,,,0.286153454,0,0.064781333,0,0,0,0,,,0.025135,,,,,,,
13.2382,1425.3315,,,,0.301916209,0,0.063777837,0,0,0,0,,,0.02605,,,,,,,
13.26726,1427.9355,,,,0.301916209,0,0.062291363,0,0,0,0,,,0.02906,,,,,,,
13.320335,1433.6,,,,0.301916209,0,0.063972447,0,0,0,0,,,0.053075,,,,,,,
13.346025,1436.1655,,,,0.301916209,0,0.064403417,0,0,0,0,,,0.02569,,,,,,,
13.372235,1438.718,,,,0.301916209,0,0.065815199,0,0,0,0,,,0.02621,,,,,,,
13.398375,1441.334,,,,0.324914344,0,0.062959889,0,0,0,0,,,0.02614,,,,,,,
13.427835,1443.992,,,,0.324914344,0,0.061651919,0,0,0,0,,,0.02946,,,,,,,
13.454355,1446.8965,,,,0.324914344,0,0.061954053,0,0,0,0,,,0.02652,,,,,,,
13.48047,1449.5905,,,,0.324914344,0,0.061568472,0,0,0,0,,,0.026115,,,,,,,
13.50674,1452.1755,,,,0.324914344,0,0.060603268,0,0,0,0,,,0.02627,,,,,,,
13.532295,1454.782,,,,0.344496831,0,0.062335508,0,0,0,0,,,0.025555,,,,,,,
13.558015,1457.349,,,,0.344496831,0,0.062098497,0,0,0,0,,,0.02572,,,,,,,
13.5862,1459.9135,,,,0.344496831,0,0.062156996,0,0,0,0,,,0.028185,,,,,,,
13.640215,1465.892,,,,0.344496831,0,0.065170836,0,0,0,0,,,0.054015,,,,,,,
13.668195,1468.138,,,,0.344496831,0,0.06423484,0,0,0,0,,,0.02798,,,,,,,
13.694435,1470.9775,,,,0.364404504,0,0.066068508,0,0,0,0,,,0.02624,,,,,,,
13.71996,1473.6105,,,,0.364404504,0,0.066054118,0,0,0,0,,,0.025525,,,,,,,
13.74922,1476.12,,,,0.364404504,0,0.066563964,0,0,0,0,,,0.02926,,,,,,,
13.774035,1479.2745,,,,0.364404504,0,0.065941079,0,0,0,0,,,0.024815,,,,,,,
13.799745,1481.494,,,,0.364404504,0,0.064938774,0,0,0,0,,,0.02571,,,,,,,
13.82607,1484.134,,,,0.381576205,0,0.062433775,0,0,0,0,,,0.026325,,,,,,,
13.853135,1486.719,,,,0.381576205,0,0.060243183,0,0,0,0,,,0.027065,,,,,,,
13.879185,1489.439,,,,0.381576205,0,0.061613515,0,0,0,0,,,0.02605,,,,,,,
13.90757,1492.0325,,,,0.381576205,0,0.063961041,0,0,0,0,,,0.028385,,,,,,,
13.932815,1494.8765,,,,0.381576205,0,0.063088096,0,0,0,0,,,0.025245,,,,,,,
13.95967,1497.4095,,,,0.381576205,0,0.063130569,0,0,0,0,,,0.026855,,,,,,,
13.986055,1500.079,,,,0.400177651,0,0.062680689,0,0,0,0,,,0.026385,,,,,,,
14.011145,1502.744,,,,0.400177651,0,0.064037118,0,0,0,0,,,0.02509,,,,,,,
14.03876,1505.2265,,,,0.400177651,0,0.062090591,0,0,0,0,,,0.027615,,,,,,,
14.06858,1508.105,,,,0.400177651,0,0.063499726,0,0,0,0,,,0.02982,,,,,,,
14.12326,1513.886,,,,0.400177651,0,0.060609972,0,0,0,0,,,0.05468,,,,,,,
14.14855,1516.4955,,,,0.417765438,0,0.061967976,0,0,0,0,,,0.02529,,,,,,,
14.17404,1518.9925,,,,0.417765438,0,0.062427101,0,0,0,0,,,0.02549,,,,,,,
14.24696,1526.819,,,,0.417765438,0,0.06099124,0,0,0,0,,,0.07292,,,,,,,
14.271765,1528.7915,,,,0.417765438,0,0.062021794,0,0,0,0,,,0.024805,,,,,,,
14.297705,1531.2875,,,,0.434297377,0,0.060023676,0,0,0,0,,,0.02594,,,,,,,
14.324185,1533.886,,,,0.434297377,0,0.061441694,0,0,0,0,,,0.02648,,,,,,,
14.349955,1536.5405,,,,0.434297377,0,0.061470346,0,0,0,0,,,0.02577,,,,,,,
14.379615,1539.137,,,,0.434297377,0,0.062154626,0,0,0,0,,,0.02966,,,,,,,
14.43463,1544.991,,,,0.448581294,0,0.063767577,0,0,0,0,,,0.055015,,,,,,,
14.46098,1547.582,,,,0.448581294,0,0.062462777,0,0,0,0,,,0.02635,,,,,,,
14.487205,1550.208,,,,0.448581294,0,0.062729176,0,0,0,0,,,0.026225,,,,,,,
14.51417,1552.8565,,,,0.448581294,0,0.06203656,0,0,0,0,,,0.026965,,,,,,,
14.54285,1555.5405,,,,0.448581294,0,0.061127711,0,0,0,0,,,0.02868,,,,,,,
14.568955,1558.4075,,,,0.448581294,0,0.060902986,0,0,0,0,,,0.026105,,,,,,,
14.59539,1561.056,,,,0.467515761,0,0.062888902,0,0,0,0,,,0.026435,,,,,,,
14.620985,1563.655,,,,0.467515761,0,0.064133628,0,0,0,0,,,0.025595,,,,,,,
14.64732,1566.2305,,,,0.467515761,0,0.064157343,0,0,0,0,,,0.026335,,,,,,,
14.672515,1568.8795,,,,0.467515761,0,0.061206356,0,0,0,0,,,0.025195,,,,,,,
14.701325,1571.3705,,,,0.467515761,0,0.059310577,0,0,0,0,,,0.02881,,,,,,,
14.7264,1574.4775,,,,0.481392059,0,0.05874234,0,0,0,0,,,0.025075,,,,,,,
14.754195,1576.775,,,,0.481392059,0,0.059574042,0,0,0,0,,,0.027795,,,,,,,
14.779965,1579.5635,,,,0.481392059,0,0.058318583,0,0,0,0,,,0.02577,,,,,,,
14.805875,1582.1205,,,,0.481392059,0,0.060279708,0,0,0,0,,,0.02591,,,,,,,
14.8331,1584.7125,,,,0.481392059,0,0.06014339,0,0,0,0,,,0.027225,,,,,,,
14.86155,1587.4265,,,,0.481392059,0,0.061115927,0,0,0,0,,,0.02845,,,,,,,
14.88695,1590.2755,,,,0.496458618,0,0.0627274,0,0,0,0,,,0.0254,,,,,,,
14.91425,1592.8175,,,,0.496458618,0,0.062337026,0,0,0,0,,,0.0273,,,,,,,
14.939705,1595.8155,,,,0.496458618,0,0.061353836,0,0,0,0,,,0.025455,,,,,,,
14.96521,1598.3945,,,,0.496458618,0,0.060085798,0,0,0,0,,,0.025505,,,,,,,
14.99233,1600.6645,,,,0.496458618,0,0.059258699,0,0,0,0,,,0.02712,,,,,,,
15.020765,1603.3655,,,,0.496458618,0,0.057921592,0,0,0,0,,,0.028435,,,,,,,
15.046115,1606.199,,,,0.513044523,0,0.058822306,0,0,0,0,,,0.02535,,,,,,,
15.07118,1608.7205,,,,0.513044523,0,0.058601701,0,0,0,0,,,0.025065,,,,,,,
15.097515,1611.227,,,,0.513044523,0,0.059975769,0,0,0,0,,,0.026335,,,,,,,
15.123795,1613.9035,,,,0.513044523,0,0.059572127,0,0,0,0,,,0.02628,,,,,,,
15.149955,1616.5155,,,,0.513044523,0,0.057905576,0,0,0,0,,,0.02616,,,,,,,
15.179025,1619.1545,,,,0.513044523,0,0.058998991,0,0,0,0,,,0.02907,,,,,,,
15.20305,1622.1875,,,,0.524470449,0,0.059325954,0,0,0,0,,,0.024025,,,,,,,
15.229575,1624.4005,,,,0.524470449,0,0.059409821,0,0,0,0,,,0.026525,,,,,,,
15.25606,1627.067,,,,0.524470449,0,0.06041181,0,0,0,0,,,0.026485,,,,,,,
15.282665,1629.7185,,,,0.524470449,0,0.059533552,0,0,0,0,,,0.026605,,,,,,,
15.308555,1632.386,,,,0.524470449,0,0.060605152,0,0,0,0,,,0.02589,,,,,,,
15.33852,1634.9745,,,,0.53577675,0,0.061309886,0,0,0,0,,,0.029965,,,,,,,
15.36503,1637.9755,,,,0.53577675,0,0.061177451,0,0,0,0,,,0.02651,,,,,,,
15.392615,1640.6785,,,,0.53577675,0,0.05790106,0,0,0,0,,,0.027585,,,,,,,
15.417875,1643.378,,,,0.53577675,0,0.058249931,0,0,0,0,,,0.02526,,,,,,,
15.443835,1645.922,,,,0.53577675,0,0.060062655,0,0,0,0,,,0.02596,,,,,,,
15.46898,1648.503,,,,0.53577675,0,0.061058659,0,0,0,0,,,0.025145,,,,,,,
15.496715,1650.9955,,,,0.55189707,0,0.061239318,0,0,0,0,,,0.027735,,,,,,,
15.564145,1656.525,,,,0.55189707,0,0.063323919,0,0,0,0,,,0.06743,,,,,,,
15.587925,1660.8055,,,,0.55189707,0,0.061920701,0,0,0,0,,,0.02378,,,,,,,
15.613765,1662.8855,,,,0.55189707,0,0.061026159,0,0,0,0,,,0.02584,,,,,,,
15.63945,1665.6975,,,,0.565870093,0,0.059961342,0,0,0,0,,,0.025685,,,,,,,
15.670235,1668.0455,,,,0.565870093,0,0.061471942,0,0,0,0,,,0.030785,,,,,,,
15.7264,1674.523,,,,0.565870093,0,0.062169822,0,0,0,0,,,0.056165,,,,,,,
15.75275,1676.7575,,,,0.565870093,0,0.061695231,0,0,0,0,,,0.02635,,,,,,,
15.778265,1679.3975,,,,0.579045766,0,0.060960436,0,0,0,0,,,0.025515,,,,,,,
15.803,1681.9205,,,,0.579045766,0,0.061408107,0,0,0,0,,,0.024735,,,,,,,
15.83246,1684.4315,,,,0.579045766,0,0.064087973,0,0,0,0,,,0.02946,,,,,,,
15.85698,1687.5715,,,,0.579045766,0,0.063752556,0,0,0,0,,,0.02452,,,,,,,
15.8825,1689.7945,,,,0.579045766,0,0.062762741,0,0,0,0,,,0.02552,,,,,,,
15.908275,1692.365,,,,0.579045766,0,0.061419956,0,0,0,0,,,0.025775,,,,,,,
15.93421,1694.937,,,,0.593976711,0,0.061970284,0,0,0,0,,,0.025935,,,,,,,
15.95957,1697.56,,,,0.593976711,0,0.064196365,0,0,0,0,,,0.02536,,,,,,,
15.98794,1700.072,,,,0.593976711,0,0.06511045,0,0,0,0,,,0.02837,,,,,,,
16.012305,1702.918,,,,0.593976711,0,0.065634194,0,0,0,0,,,0.024365,,,,,,,
16.03804,1705.3265,,,,0.593976711,0,0.06455113,0,0,0,0,,,0.025735,,,,,,,
16.063075,1707.9205,,,,0.593976711,0,0.063873835,0,0,0,0,,,0.025035,,,,,,,
16.089165,1710.428,,,,0.607492955,0,0.064059802,0,0,0,0,,,0.02609,,,,,,,
16.11471,1713.027,,,,0.607492955,0,0.06383416,0,0,0,0,,,0.025545,,,,,,,
16.144365,1715.903,,,,0.607492955,0,0.062316708,0,0,0,0,,,0.029655,,,,,,,
16.20053,1721.7375,,,,0.607492955,0,0.060207345,0,0,0,0,,,0.056165,,,,,,,
16.22529,1724.222,,,,0.607492955,0,0.06066947,0,0,0,0,,,0.02476,,,,,,,
16.253645,1726.6205,,,,0.62048263,0,0.059589601,0,0,0,0,,,0.028355,,,,,,,
16.27945,1729.466,,,,0.62048263,0,0.060162019,0,0,0,0,,,0.025805,,,,,,,
16.30791,1732.0605,,,,0.62048263,0,0.059989318,0,0,0,0,,,0.02846,,,,,,,
16.332765,1734.8965,,,,0.62048263,0,0.05963599,0,0,0,0,,,0.024855,,,,,,,
16.359135,1737.4155,,,,0.62048263,0,0.060055269,0,0,0,0,,,0.02637,,,,,,,
16.38542,1740.0275,,,,0.631578967,0,0.05962674,0,0,0,0,,,0.026285,,,,,,,
16.412925,1742.6895,,,,0.631578967,0,0.060102306,0,0,0,0,,,0.027505,,,,,,,
16.4397,1745.4175,,,,0.631578967,0,0.059611382,0,0,0,0,,,0.026775,,,,,,,
16.46886,1748.397,,,,0.631578967,0,0.060171238,0,0,0,0,,,0.02916,,,,,,,
16.52484,1753.982,,,,0.631578967,0,0.06129469,0,0,0,0,,,0.05598,,,,,,,
16.551135,1756.6045,,,,0.646128996,0,0.060811801,0,0,0,0,,,0.026295,,,,,,,
16.576105,1759.263,,,,0.646128996,0,0.061685338,0,0,0,0,,,0.02497,,,,,,,
16.60089,1761.719,,,,0.646128996,0,0.061552484,0,0,0,0,,,0.024785,,,,,,,
16.62926,1764.198,,,,0.646128996,0,0.060714393,0,0,0,0,,,0.02837,,,,,,,
16.655775,1767.0545,,,,0.646128996,0,0.060424403,0,0,0,0,,,0.026515,,,,,,,
16.681325,1769.691,,,,0.657653728,0,0.061648159,0,0,0,0,,,0.02555,,,,,,,
16.707075,1772.248,,,,0.657653728,0,0.062295326,0,0,0,0,,,0.02575,,,,,,,
16.73238,1774.8275,,,,0.657653728,0,0.058891666,0,0,0,0,,,0.025305,,,,,,,
16.758105,1777.353,,,,0.657653728,0,0.059403328,0,0,0,0,,,0.025725,,,,,,,
16.788065,1779.921,,,,0.657653728,0,0.060510839,0,0,0,0,,,0.02996,,,,,,,
16.81543,1782.9375,,,,0.657653728,0,0.061923471,0,0,0,0,,,0.027365,,,,,,,
16.843415,1785.734,,,,0.67426962,0,0.063567335,0,0,0,0,,,0.027985,,,,,,,
16.869015,1788.461,,,,0.67426962,0,0.061349174,0,0,0,0,,,0.0256,,,,,,,
16.895235,1791.011,,,,0.67426962,0,0.062577501,0,0,0,0,,,0.02622,,,,,,,
16.925515,1793.674,,,,0.67426962,0,0.061822861,0,0,0,0,,,0.03028,,,,,,,
16.981965,1799.945,,,,0.691419097,0,0.059747274,0,0,0,0,,,0.05645,,,,,,,
17.007825,1802.323,,,,0.691419097,0,0.057565151,0,0,0,0,,,0.02586,,,,,,,
17.033295,1804.8755,,,,0.691419097,0,0.05876942,0,0,0,0,,,0.02547,,,,,,,
17.058735,1807.4225,,,,0.691419097,0,0.05874275,0,0,0,0,,,0.02544,,,,,,,
17.130245,1815.1045,,,,0.691419097,0,0.058139358,0,0,0,0,,,0.07151,,,,,,,
17.15406,1817.2035,,,,0.712738888,0,0.057556101,0,0,0,0,,,0.023815,,,,,,,
17.1791,1819.4945,,,,0.712738888,0,0.059143054,0,0,0,0,,,0.02504,,,,,,,
17.2042,1822.021,,,,0.712738888,0,0.05887528,0,0,0,0,,,0.0251,,,,,,,
17.23023,1824.5315,,,,0.712738888,0,0.057880969,0,0,0,0,,,0.02603,,,,,,,
17.258395,1827.1675,,,,0.712738888,0,0.058372805,0,0,0,0,,,0.028165,,,,,,,
17.28216,1829.9585,,,,0.729253306,0,0.059654185,0,0,0,0,,,0.023765,,,,,,,
17.307835,1832.329,,,,0.729253306,0,0.060174171,0,0,0,0,,,0.025675,,,,,,,
17.333205,1834.8925,,,,0.729253306,0,0.062536694,0,0,0,0,,,0.02537,,,,,,,
17.35815,1837.4285,,,,0.729253306,0,0.062369871,0,0,0,0,,,0.024945,,,,,,,
17.383435,1839.9275,,,,0.729253306,0,0.062770742,0,0,0,0,,,0.025285,,,,,,,
17.411245,1842.4515,,,,0.729253306,0,0.063108922,0,0,0,0,,,0.02781,,,,,,,
17.436085,1845.2455,,,,0.752265574,0,0.062362097,0,0,0,0,,,0.02484,,,,,,,
17.464235,1847.7105,,,,0.752265574,0,0.062921246,0,0,0,0,,,0.02815,,,,,,,
17.49191,1850.765,,,,0.752265574,0,0.06244273,0,0,0,0,,,0.027675,,,,,,,
17.51743,1853.301,,,,0.752265574,0,0.065484031,0,0,0,0,,,0.02552,,,,,,,
17.543415,1855.85,,,,0.752265574,0,0.064256821,0,0,0,0,,,0.025985,,,,,,,
17.57326,1858.452,,,,0.752265574,0,0.064798017,0,0,0,0,,,0.029845,,,,,,,
17.601045,1861.4505,,,,0.772575986,0,0.06558475,0,0,0,0,,,0.027785,,,,,,,
17.626155,1864.2465,,,,0.772575986,0,0.064779183,0,0,0,0,,,0.02511,,,,,,,
17.65255,1866.7155,,,,0.772575986,0,0.061685837,0,0,0,0,,,0.026395,,,,,,,
17.678245,1869.394,,,,0.772575986,0,0.061808532,0,0,0,0,,,0.025695,,,,,,,
17.70315,1871.932,,,,0.772575986,0,0.061531941,0,0,0,0,,,0.024905,,,,,,,
17.732225,1874.4235,,,,0.772575986,0,0.060501928,0,0,0,0,,,0.029075,,,,,,,
17.75607,1877.5525,,,,0.80135046,0,0.059672401,0,0,0,0,,,0.023845,,,,,,,
17.78206,1879.703,,,,0.80135046,0,0.059127542,0,0,0,0,,,0.02599,,,,,,,
17.80884,1882.318,,,,0.80135046,0,0.059422536,0,0,0,0,,,0.02678,,,,,,,
17.834105,1885.0005,,,,0.80135046,0,0.060278011,0,0,0,0,,,0.025265,,,,,,,
17.85956,1887.55,,,,0.80135046,0,0.058449967,0,0,0,0,,,0.025455,,,,,,,
17.888015,1890.068,,,,0.822909195,0,0.060140673,0,0,0,0,,,0.028455,,,,,,,
17.94211,1896.1065,,,,0.822909195,0,0.062092952,0,0,0,0,,,0.054095,,,,,,,
17.969515,1898.3285,,,,0.822909195,0,0.062436028,0,0,0,0,,,0.027405,,,,,,,
17.994945,1901.078,,,,0.822909195,0,0.062825423,0,0,0,0,,,0.02543,,,,,,,
18.021215,1903.625,,,,0.822909195,0,0.063038051,0,0,0,0,,,0.02627,,,,,,,
18.05,1906.2345,,,,0.851046357,0,0.063739763,0,0,0,0,,,0.028785,,,,,,,
18.10466,1911.827,,,,0.851046357,0,0.064935961,0,0,0,0,,,0.05466,,,,,,,
18.13165,1914.5905,,,,0.851046357,0,0.061889095,0,0,0,0,,,0.02699,,,,,,,
18.156955,1917.302,,,,0.851046357,0,0.062489623,0,0,0,0,,,0.025305,,,,,,,
18.182105,1919.838,,,,0.851046357,0,0.062328433,0,0,0,0,,,0.02515,,,,,,,
18.210975,1922.3585,,,,0.880038109,0,0.062616378,0,0,0,0,,,0.02887,,,,,,,
18.236345,1925.2145,,,,0.880038109,0,0.06227808,0,0,0,0,,,0.02537,,,,,,,
18.26212,1927.7445,,,,0.880038109,0,0.064377378,0,0,0,0,,,0.025775,,,,,,,
18.312185,1932.7965,,,,0.880038109,0,0.061686768,0,0,0,0,,,0.050065,,,,,,,
18.336915,1935.3315,,,,0.902128255,0,0.061643137,0,0,0,0,,,0.02473,,,,,,,
18.366025,1937.798,,,,0.902128255,0,0.062692393,0,0,0,0,,,0.02911,,,,,,,
18.440035,1943.554,,,,0.902128255,0,0.062989249,0,0,0,0,,,0.07401,,,,,,,
18.46568,1948.448,,,,0.902128255,0,0.062958701,0,0,0,0,,,0.025645,,,,,,,
18.493545,1950.716,,,,0.929525248,0,0.061897359,0,0,0,0,,,0.027865,,,,,,,
18.521985,1953.467,,,,0.929525248,0,0.062251062,0,0,0,0,,,0.02844,,,,,,,
18.57699,1959.1985,,,,0.929525248,0,0.061690943,0,0,0,0,,,0.055005,,,,,,,
18.60352,1961.8135,,,,0.929525248,0,0.063119602,0,0,0,0,,,0.02653,,,,,,,
18.62927,1964.4585,,,,0.929525248,0,0.062124549,0,0,0,0,,,0.02575,,,,,,,
18.65536,1967.042,,,,0.95594223,0,0.06425528,0,0,0,0,,,0.02609,,,,,,,
18.683165,1969.6445,,,,0.95594223,0,0.063110845,0,0,0,0,,,0.027805,,,,,,,
18.706835,1972.698,,,,0.95594223,0,0.063558151,0,0,0,0,,,0.02367,,,,,,,
18.733145,1974.7725,,,,0.95594223,0,0.061529276,0,0,0,0,,,0.02631,,,,,,,
18.758995,1977.4315,,,,0.95594223,0,0.061327605,0,0,0,0,,,0.02585,,,,,,,
18.785215,1980.0035,,,,0.95594223,0,0.060455458,0,0,0,0,,,0.02622,,,,,,,
18.811265,1982.6265,,,,0.983220227,0,0.060632663,0,0,0,0,,,0.02605,,,,,,,
18.8396,1985.24,,,,0.983220227,0,0.060020292,0,0,0,0,,,0.028335,,,,,,,
18.865825,1988.142,,,,0.983220227,0,0.059375195,0,0,0,0,,,0.026225,,,,,,,
18.89163,1990.9535,,,,0.983220227,0,0.060728882,0,0,0,0,,,0.025805,,,,,,,
18.918035,1993.2725,,,,0.983220227,0,0.059003179,0,0,0,0,,,0.026405,,,,,,,
18.943505,1995.933,,,,1.00429366,0,0.060401338,0,0,0,0,,,0.02547,,,,,,,
18.96921,1998.462,,,,1.00429366,0,0.059801997,0,0,0,0,,,0.025705,,,,,,,
18.99768,2000,,,,1.00429366,0,0.060324623,0,0,0,0,,,0.02847,,,,,,,
19.02455,2000,,,,1.00429366,0,0.059052902,0,0,0,0,,,0.02687,,,,,,,
19.04997,2000,,,,1.00429366,0,0.059179306,0,0,0,0,,,0.02542,,,,,,,
19.07503,2000,,,,1.00429366,0,0.059409845,0,0,0,0,,,0.02506,,,,,,,
19.100975,2000,,,,1.025966847,0,0.059482402,0,0,0,0,,,0.025945,,,,,,,
19.1272,2000,,,,1.025966847,0,0.061738401,0,0,0,0,,,0.026225,,,,,,,
19.154665,2000,,,,1.025966847,0,0.061337968,0,0,0,0,,,0.027465,,,,,,,
19.18217,2000,,,,1.025966847,0,0.061288987,0,0,0,0,,,0.027505,,,,,,,
19.20828,2000,,,,1.025966847,0,0.063142632,0,0,0,0,,,0.02611,,,,,,,
19.234685,2000,,,,1.025966847,0,0.063834318,0,0,0,0,,,0.026405,,,,,,,
19.26011,2000,,,,1.034651577,0,0.06337861,0,0,0,0,,,0.025425,,,,,,,
19.285325,2000,,,,1.034651577,0,0.061733162,0,0,0,0,,,0.025215,,,,,,,
19.313615,2000,,,,1.034651577,0,0.063553388,0,0,0,0,,,0.02829,,,,,,,
19.36826,2000,,,,1.034651577,0,0.063322072,0,0,0,0,,,0.054645,,,,,,,
19.394,2000,,,,1.036266717,0,0.061382924,0,0,0,0,,,0.02574,,,,,,,
19.418785,2000,,,,1.036266717,0,0.062170061,0,0,0,0,,,0.024785,,,,,,,
19.444045,2000,,,,1.036266717,0,0.060964625,0,0,0,0,,,0.02526,,,,,,,
19.472845,2000,,,,1.036266717,0,0.061853983,0,0,0,0,,,0.0288,,,,,,,
19.49908,2000,,,,1.036266717,0,0.062131257,0,0,0,0,,,0.026235,,,,,,,
19.524185,2000,,,,1.036266717,0,0.063616608,0,0,0,0,,,0.025105,,,,,,,
19.549235,2000,,,,1.036983012,0,0.062886508,0,0,0,0,,,0.02505,,,,,,,
19.574245,2000,,,,1.036983012,0,0.060941969,0,0,0,0,,,0.02501,,,,,,,
19.60012,2000,,,,1.036983012,0,0.061175445,0,0,0,0,,,0.025875,,,,,,,
19.62971,2000,,,,1.036983012,0,0.061506281,0,0,0,0,,,0.02959,,,,,,,
19.656115,2000,,,,1.036983012,0,0.060066507,0,0,0,0,,,0.026405,,,,,,,
19.682185,2000,,,,1.036983012,0,0.058957836,0,0,0,0,,,0.02607,,,,,,,
19.706985,2000,,,,1.035701738,0,0.058366118,0,0,0,0,,,0.0248,,,,,,,
19.73254,2000,,,,1.035701738,0,0.058711702,0,0,0,0,,,0.025555,,,,,,,
19.756345,2000,,,,1.035701738,0,0.059648384,0,0,0,0,,,0.023805,,,,,,,
19.78349,2000,,,,1.035701738,0,0.061870849,0,0,0,0,,,0.027145,,,,,,,
19.83941,2000,,,,1.035701738,0,0.064231902,0,0,0,0,,,0.05592,,,,,,,
19.864835,2000,,,,1.033095074,0,0.065121866,0,0,0,0,,,0.025425,,,,,,,
19.891785,2000,,,,1.033095074,0,0.063930651,0,0,0,0,,,0.02695,,,,,,,
19.918315,2000,,,,1.033095074,0,0.061446196,0,0,0,0,,,0.02653,,,,,,,
19.946705,2000,,,,1.033095074,0,0.059561041,0,0,0,0,,,0.02839,,,,,,,
19.9739,2000,,,,1.033095074,0,0.059967269,0,0,0,0,,,0.027195,,,,,,,
19.99958,2000,,,,1.03405899,0,0.059822062,0,0,0,0,,,0.02568,,,,,,,
20.025055,2000,,,,1.03405899,0,0.059833031,0,0,0,0,,,0.025475,,,,,,,
20.050085,2000,,,,1.03405899,0,0.060602034,0,0,0,0,,,0.02503,,,,,,,
20.07518,2000,,,,1.03405899,0,0.062066237,0,0,0,0,,,0.025095,,,,,,,
20.103155,2000,,,,1.03405899,0,0.062885145,0,0,0,0,,,0.027975,,,,,,,
20.13034,2000,,,,1.03405899,0,0.061334289,0,0,0,0,,,0.027185,,,,,,,
20.15584,2000,,,,1.031953387,0,0.062304653,0,0,0,0,,,0.0255,,,,,,,
20.18118,2000,,,,1.031953387,0,0.062969617,0,0,0,0,,,0.02534,,,,,,,
20.206005,2000,,,,1.031953387,0,0.063911634,0,0,0,0,,,0.024825,,,,,,,
20.23126,2000,,,,1.031953387,0,0.065709226,0,0,0,0,,,0.025255,,,,,,,
20.26116,2000,,,,1.031953387,0,0.062711513,0,0,0,0,,,0.0299,,,,,,,
20.28672,2000,,,,1.031953387,0,0.06173619,0,0,0,0,,,0.02556,,,,,,,
20.31376,2000,,,,1.030893845,0,0.058553979,0,0,0,0,,,0.02704,,,,,,,
20.34137,2000,,,,1.030893845,0,0.058176583,0,0,0,0,,,0.02761,,,,,,,
20.36935,2000,,,,1.030893845,0,0.060922127,0,0,0,0,,,0.02798,,,,,,,
20.39538,2000,,,,1.030893845,0,0.060739484,0,0,0,0,,,0.02603,,,,,,,
20.42317,2000,,,,1.030893845,0,0.063140831,0,0,0,0,,,0.02779,,,,,,,
20.449415,2000,,,,1.029490341,0,0.06253569,0,0,0,0,,,0.026245,,,,,,,
20.47536,2000,,,,1.029490341,0,0.06280532,0,0,0,0,,,0.025945,,,,,,,
20.50019,2000,,,,1.029490341,0,0.060168212,0,0,0,0,,,0.02483,,,,,,,
20.526525,2000,,,,1.029490341,0,0.059733647,0,0,0,0,,,0.026335,,,,,,,
20.55227,2000,,,,1.029490341,0,0.060295425,0,0,0,0,,,0.025745,,,,,,,
20.58094,2000,,,,1.029490341,0,0.060757579,0,0,0,0,,,0.02867,,,,,,,
20.60773,2000,,,,1.029818242,0,0.061325881,0,0,0,0,,,0.02679,,,,,,,
20.63476,2000,,,,1.029818242,0,0.059754076,0,0,0,0,,,0.02703,,,,,,,
20.66074,2000,,,,1.029818242,0,0.061599127,0,0,0,0,,,0.02598,,,,,,,
20.68784,2000,,,,1.029818242,0,0.061604248,0,0,0,0,,,0.0271,,,,,,,
20.713855,2000,,,,1.029818242,0,0.061763233,0,0,0,0,,,0.026015,,,,,,,
20.743185,2000,,,,1.029818242,0,0.063453226,0,0,0,0,,,0.02933,,,,,,,
20.771205,2000,,,,1.027966949,0,0.060713242,0,0,0,0,,,0.02802,,,,,,,
20.797705,2000,,,,1.027966949,0,0.060437899,0,0,0,0,,,0.0265,,,,,,,
20.822605,2000,,,,1.027966949,0,0.057742881,0,0,0,0,,,0.0249,,,,,,,
20.847755,2000,,,,1.027966949,0,0.058302674,0,0,0,0,,,0.02515,,,,,,,
20.873805,2000,,,,1.027966949,0,0.05906952,0,0,0,0,,,0.02605,,,,,,,
20.903015,2000,,,,1.026652027,0,0.057619672,0,0,0,0,,,0.02921,,,,,,,
20.929045,2000,,,,1.026652027,0,0.058098259,0,0,0,0,,,0.02603,,,,,,,
20.953905,2000,,,,1.026652027,0,0.058754249,0,0,0,0,,,0.02486,,,,,,,
20.979345,2000,,,,1.026652027,0,0.059960757,0,0,0,0,,,0.02544,,,,,,,
21.004535,2000,,,,1.026652027,0,0.06084065,0,0,0,0,,,0.02519,,,,,,,
21.029285,2000,,,,1.026652027,0,0.060829575,0,0,0,0,,,0.02475,,,,,,,
21.05675,2000,,,,1.025980755,0,0.062118758,0,0,0,0,,,0.027465,,,,,,,
21.083985,2000,,,,1.025980755,0,0.064672405,0,0,0,0,,,0.027235,,,,,,,
21.111365,2000,,,,1.025980755,0,0.064351701,0,0,0,0,,,0.02738,,,,,,,
21.1365,2000,,,,1.025980755,0,0.063446542,0,0,0,0,,,0.025135,,,,,,,
21.161295,2000,,,,1.025980755,0,0.061932502,0,0,0,0,,,0.024795,,,,,,,
21.188125,2000,,,,1.025980755,0,0.061361542,0,0,0,0,,,0.02683,,,,,,,
21.21641,2000,,,,1.025611457,0,0.060621974,0,0,0,0,,,0.028285,,,,,,,
21.24395,2000,,,,1.025611457,0,0.060857147,0,0,0,0,,,0.02754,,,,,,,
21.270365,2000,,,,1.025611457,0,0.059451948,0,0,0,0,,,0.026415,,,,,,,
21.295365,2000,,,,1.025611457,0,0.059516398,0,0,0,0,,,0.025,,,,,,,
21.32143,2000,,,,1.025611457,0,0.059045808,0,0,0,0,,,0.026065,,,,,,,
21.346385,2000,,,,1.025702446,0,0.057234694,0,0,0,0,,,0.024955,,,,,,,
21.374425,2000,,,,1.025702446,0,0.060268431,0,0,0,0,,,0.02804,,,,,,,
21.400185,2000,,,,1.025702446,0,0.059937052,0,0,0,0,,,0.02576,,,,,,,
21.42588,2000,,,,1.025702446,0,0.061703674,0,0,0,0,,,0.025695,,,,,,,
21.45215,2000,,,,1.025702446,0,0.062099787,0,0,0,0,,,0.02627,,,,,,,
21.477475,2000,,,,1.025702446,0,0.063689959,0,0,0,0,,,0.025325,,,,,,,
21.50388,2000,,,,1.025502401,0,0.064427513,0,0,0,0,,,0.026405,,,,,,,
21.531745,2000,,,,1.025502401,0,0.063500924,0,0,0,0,,,0.027865,,,,,,,
21.55871,2000,,,,1.025502401,0,0.06251074,0,0,0,0,,,0.026965,,,,,,,
21.58464,2000,,,,1.025502401,0,0.062777233,0,0,0,0,,,0.02593,,,,,,,
21.610235,2000,,,,1.025502401,0,0.063126053,0,0,0,0,,,0.025595,,,,,,,
21.636405,2000,,,,1.025502401,0,0.06096831,0,0,0,0,,,0.02617,,,,,,,
21.661235,2000,,,,1.02523305,0,0.06169899,0,0,0,0,,,0.02483,,,,,,,
21.6892,2000,,,,1.02523305,0,0.060802729,0,0,0,0,,,0.027965,,,,,,,
21.716205,2000,,,,1.02523305,0,0.061525368,0,0,0,0,,,0.027005,,,,,,,
21.74167,2000,,,,1.02523305,0,0.063503335,0,0,0,0,,,0.025465,,,,,,,
21.767205,2000,,,,1.02523305,0,0.063098718,0,0,0,0,,,0.025535,,,,,,,
21.834315,2000,,,,1.023111878,0,0.062341483,0,0,0,0,,,0.06711,,,,,,,
21.862315,2000,,,,1.023111878,0,0.063641842,0,0,0,0,,,0.028,,,,,,,
21.887065,2000,,,,1.023111878,0,0.062707927,0,0,0,0,,,0.02475,,,,,,,
21.91291,2000,,,,1.023111878,0,0.064954643,0,0,0,0,,,0.025845,,,,,,,
21.93898,2000,,,,1.023111878,0,0.06471668,0,0,0,0,,,0.02607,,,,,,,
21.96459,2000,,,,1.024159635,0,0.066081561,0,0,0,0,,,0.02561,,,,,,,
21.990855,2000,,,,1.024159635,0,0.066729356,0,0,0,0,,,0.026265,,,,,,,
22.01903,2000,,,,1.024159635,0,0.066360241,0,0,0,0,,,0.028175,,,,,,,
22.04677,2000,,,,1.024159635,0,0.064731778,0,0,0,0,,,0.02774,,,,,,,
22.072535,2000,,,,1.024159635,0,0.064913708,0,0,0,0,,,0.025765,,,,,,,
22.09934,2000,,,,1.022893313,0,0.065070278,0,0,0,0,,,0.026805,,,,,,,
22.128205,2000,,,,1.022893313,0,0.065872495,0,0,0,0,,,0.028865,,,,,,,
22.153395,2000,,,,1.022893313,0,0.066600427,0,0,0,0,,,0.02519,,,,,,,
22.18142,2000,,,,1.022893313,0,0.067057116,0,0,0,0,,,0.028025,,,,,,,
22.20841,2000,,,,1.022893313,0,0.067629315,0,0,0,0,,,0.02699,,,,,,,
22.23466,2000,,,,1.022893313,0,0.066612028,0,0,0,0,,,0.02625,,,,,,,
22.2608,2000,,,,1.023699072,0,0.064678072,0,0,0,0,,,0.02614,,,,,,,
22.286185,2000,,,,1.023699072,0,0.064226296,0,0,0,0,,,0.025385,,,,,,,
22.312045,2000,,,,1.023699072,0,0.066769324,0,0,0,0,,,0.02586,,,,,,,
22.34011,2000,,,,1.023699072,0,0.065874497,0,0,0,0,,,0.028065,,,,,,,
22.36671,2000,,,,1.023699072,0,0.066938382,0,0,0,0,,,0.0266,,,,,,,
22.393355,2000,,,,1.023699072,0,0.066905228,0,0,0,0,,,0.026645,,,,,,,
22.418545,2000,,,,1.02241414,0,0.065385023,0,0,0,0,,,0.02519,,,,,,,
22.44553,2000,,,,1.02241414,0,0.06225578,0,0,0,0,,,0.026985,,,,,,,
22.471835,2000,,,,1.02241414,0,0.062061213,0,0,0,0,,,0.026305,,,,,,,
22.499925,2000,,,,1.02241414,0,0.06238424,0,0,0,0,,,0.02809,,,,,,,
22.525115,2000,,,,1.02241414,0,0.061190011,0,0,0,0,,,0.02519,,,,,,,
22.5516,2000,,,,1.021948711,0,0.063359889,0,0,0,0,,,0.026485,,,,,,,
22.57917,2000,,,,1.021948711,0,0.064466706,0,0,0,0,,,0.02757,,,,,,,
22.62574,2000,,,,1.021948711,0,0.060958152,0,0,0,0,,,0.04657,,,,,,,
22.65216,2000,,,,1.021948711,0,0.062489671,0,0,0,0,,,0.02642,,,,,,,
22.67752,2000,,,,1.021948711,0,0.062133524,0,0,0,0,,,0.02536,,,,,,,
22.702335,2000,,,,1.02165544,0,0.062293552,0,0,0,0,,,0.024815,,,,,,,
22.728065,2000,,,,1.02165544,0,0.058536189,0,0,0,0,,,0.02573,,,,,,,
22.753735,2000,,,,1.02165544,0,0.059391547,0,0,0,0,,,0.02567,,,,,,,
22.77996,2000,,,,1.02165544,0,0.062353824,0,0,0,0,,,0.026225,,,,,,,
22.8081,2000,,,,1.02165544,0,0.061599684,0,0,0,0,,,0.02814,,,,,,,
22.834575,2000,,,,1.02165544,0,0.061297797,0,0,0,0,,,0.026475,,,,,,,
22.86082,2000,,,,1.020395045,0,0.063237664,0,0,0,0,,,0.026245,,,,,,,
22.88555,2000,,,,1.020395045,0,0.065273575,0,0,0,0,,,0.02473,,,,,,,
22.91029,2000,,,,1.020395045,0,0.065249177,0,0,0,0,,,0.02474,,,,,,,
22.936115,2000,,,,1.020395045,0,0.06563656,0,0,0,0,,,0.025825,,,,,,,
22.964165,2000,,,,1.020395045,0,0.064258178,0,0,0,0,,,0.02805,,,,,,,
22.99102,2000,,,,1.020395045,0,0.065886972,0,0,0,0,,,0.026855,,,,,,,
23.016895,2000,,,,1.018455604,0,0.065764846,0,0,0,0,,,0.025875,,,,,,,
23.042605,2000,,,,1.018455604,0,0.064763151,0,0,0,0,,,0.02571,,,,,,,
23.06953,2000,,,,1.018455604,0,0.064544474,0,0,0,0,,,0.026925,,,,,,,
23.095505,2000,,,,1.018455604,0,0.064872826,0,0,0,0,,,0.025975,,,,,,,
23.123635,2000,,,,1.018455604,0,0.064282264,0,0,0,0,,,0.02813,,,,,,,
23.15106,2000,,,,1.01774294,0,0.064283625,0,0,0,0,,,0.027425,,,,,,,
23.177575,2000,,,,1.01774294,0,0.06306527,0,0,0,0,,,0.026515,,,,,,,
23.20215,2000,,,,1.01774294,0,0.064354491,0,0,0,0,,,0.024575,,,,,,,
23.22739,2000,,,,1.01774294,0,0.06283147,0,0,0,0,,,0.02524,,,,,,,
23.252735,2000,,,,1.01774294,0,0.063033955,0,0,0,0,,,0.025345,,,,,,,
23.2812,2000,,,,1.01774294,0,0.061898634,0,0,0,0,,,0.028465,,,,,,,
23.30934,2000,,,,1.017387151,0,0.064974631,0,0,0,0,,,0.02814,,,,,,,
23.335165,2000,,,,1.017387151,0,0.063610352,0,0,0,0,,,0.025825,,,,,,,
23.360255,2000,,,,1.017387151,0,0.063183198,0,0,0,0,,,0.02509,,,,,,,
23.38561,2000,,,,1.017387151,0,0.06428256,0,0,0,0,,,0.025355,,,,,,,
23.410795,2000,,,,1.017387151,0,0.065774974,0,0,0,0,,,0.025185,,,,,,,
23.438185,2000,,,,1.017387151,0,0.064282708,0,0,0,0,,,0.02739,,,,,,,
23.46534,2000,,,,1.01618933,0,0.067585477,0,0,0,0,,,0.027155,,,,,,,
23.493935,2000,,,,1.01618933,0,0.068757648,0,0,0,0,,,0.028595,,,,,,,
23.519615,2000,,,,1.01618933,0,0.069134932,0,0,0,0,,,0.02568,,,,,,,
23.544245,2000,,,,1.01618933,0,0.067612845,0,0,0,0,,,0.02463,,,,,,,
23.569235,2000,,,,1.01618933,0,0.066366791,0,0,0,0,,,0.02499,,,,,,,
23.59804,2000,,,,1.01618933,0,0.066307268,0,0,0,0,,,0.028805,,,,,,,
23.62421,2000,,,,1.015339638,0,0.065981605,0,0,0,0,,,0.02617,,,,,,,
23.650175,2000,,,,1.015339638,0,0.067229804,0,0,0,0,,,0.025965,,,,,,,
23.675495,2000,,,,1.015339638,0,0.065830132,0,0,0,0,,,0.02532,,,,,,,
23.70036,2000,,,,1.015339638,0,0.064975155,0,0,0,0,,,0.024865,,,,,,,
23.72534,2000,,,,1.015339638,0,0.065625505,0,0,0,0,,,0.02498,,,,,,,
23.75317,2000,,,,1.015367519,0,0.065146546,0,0,0,0,,,0.02783,,,,,,,
23.77991,2000,,,,1.015367519,0,0.063817779,0,0,0,0,,,0.02674,,,,,,,
23.80538,2000,,,,1.015367519,0,0.061496615,0,0,0,0,,,0.02547,,,,,,,
23.831585,2000,,,,1.015367519,0,0.060212014,0,0,0,0,,,0.026205,,,,,,,
23.856815,2000,,,,1.015367519,0,0.059662359,0,0,0,0,,,0.02523,,,,,,,
23.88157,2000,,,,1.015367519,0,0.0593184,0,0,0,0,,,0.024755,,,,,,,
23.909305,2000,,,,1.015015277,0,0.059484597,0,0,0,0,,,0.027735,,,,,,,
23.93701,2000,,,,1.015015277,0,0.059868894,0,0,0,0,,,0.027705,,,,,,,
23.9631,2000,,,,1.015015277,0,0.061066891,0,0,0,0,,,0.02609,,,,,,,
23.99016,1998.897,,,,1.015015277,0,0.061817553,0,0,0,0,,,0.02706,,,,,,,
24.015315,1997.6425,,,,1.015015277,0,0.062198514,0,0,0,0,,,0.025155,,,,,,,
24.039845,1995.4775,,,,1.015015277,0,0.064531249,0,0,0,0,,,0.02453,,,,,,,
24.067115,1992.7445,,,,1.015949763,0,0.062998753,0,0,0,0,,,0.02727,,,,,,,
24.094465,1989.985,,,,1.015949763,0,0.061667679,0,0,0,0,,,0.02735,,,,,,,
24.12172,1987.524,,,,1.015949763,0,0.063321211,0,0,0,0,,,0.027255,,,,,,,
24.14909,1984.811,,,,1.015949763,0,0.061557639,0,0,0,0,,,0.02737,,,,,,,
24.176215,1982.024,,,,1.015949763,0,0.061512613,0,0,0,0,,,0.027125,,,,,,,
24.20151,1979.3605,,,,1.014383241,0,0.062820784,0,0,0,0,,,0.025295,,,,,,,
24.23059,1976.833,,,,1.014383241,0,0.062509011,0,0,0,0,,,0.02908,,,,,,,
24.25571,1973.8835,,,,1.014383241,0,0.064328669,0,0,0,0,,,0.02512,,,,,,,
24.281905,1971.4125,,,,1.014383241,0,0.064306963,0,0,0,0,,,0.026195,,,,,,,
24.308185,1968.758,,,,1.014383241,0,0.063031539,0,0,0,0,,,0.02628,,,,,,,
24.335755,1966.166,,,,1.014383241,0,0.063473379,0,0,0,0,,,0.02757,,,,,,,
24.361955,1963.3965,,,,1.015707972,0,0.059287425,0,0,0,0,,,0.0262,,,,,,,
24.390705,1960.788,,,,1.015707972,0,0.058209213,0,0,0,0,,,0.02875,,,,,,,
24.415875,1957.6705,,,,1.015707972,0,0.059356116,0,0,0,0,,,0.02517,,,,,,,
24.444485,1955.4115,,,,1.015707972,0,0.059979105,0,0,0,0,,,0.02861,,,,,,,
24.470605,1952.5165,,,,1.015707972,0,0.060520794,0,0,0,0,,,0.02612,,,,,,,
24.495835,1949.9285,,,,1.015707972,0,0.060179239,0,0,0,0,,,0.02523,,,,,,,
24.522275,1947.408,,,,1.014151018,0,0.060219911,0,0,0,0,,,0.02644,,,,,,,
24.54899,1944.6785,,,,1.014151018,0,0.060469979,0,0,0,0,,,0.026715,,,,,,,
24.573675,1942.0955,,,,1.014151018,0,0.062455176,0,0,0,0,,,0.024685,,,,,,,
24.625155,1939.6055,,,,1.014151018,0,0.061157224,0,0,0,0,,,0.05148,,,,,,,
24.650135,1934.157,,,,1.006087836,0,0.059936704,0,0,0,0,,,0.02498,,,,,,,
24.6769,1931.988,,,,1.006087836,0,0.061235965,0,0,0,0,,,0.026765,,,,,,,
24.70631,1929.299,,,,1.006087836,0,0.061425754,0,0,0,0,,,0.02941,,,,,,,
24.762985,1923.373,,,,1.006087836,0,0.062264176,0,0,0,0,,,0.056675,,,,,,,
24.789235,1920.678,,,,1.006087836,0,0.063923809,0,0,0,0,,,0.02625,,,,,,,
24.81585,1918.065,,,,0.98895731,0,0.063970599,0,0,0,0,,,0.026615,,,,,,,
24.84155,1915.396,,,,0.98895731,0,0.063513954,0,0,0,0,,,0.0257,,,,,,,
24.872365,1912.766,,,,0.98895731,0,0.063242809,0,0,0,0,,,0.030815,,,,,,,
24.93232,1905.8855,,,,0.98895731,0,0.062269053,0,0,0,0,,,0.059955,,,,,,,
24.958085,1903.764,,,,0.968215291,0,0.063273276,0,0,0,0,,,0.025765,,,,,,,
24.982735,1901.146,,,,0.968215291,0,0.06419624,0,0,0,0,,,0.02465,,,,,,,
25.00895,1898.732,,,,0.968215291,0,0.063568858,0,0,0,0,,,0.026215,,,,,,,
25.03673,1896.0855,,,,0.968215291,0,0.06163683,0,0,0,0,,,0.02778,,,,,,,
25.061035,1893.304,,,,0.968215291,0,0.06120933,0,0,0,0,,,0.024305,,,,,,,
25.089125,1890.879,,,,0.968215291,0,0.05949741,0,0,0,0,,,0.02809,,,,,,,
25.116055,1888.066,,,,0.94349214,0,0.060376104,0,0,0,0,,,0.02693,,,,,,,
25.141615,1885.379,,,,0.94349214,0,0.062116583,0,0,0,0,,,0.02556,,,,,,,
25.169285,1882.789,,,,0.94349214,0,0.063953504,0,0,0,0,,,0.02767,,,,,,,
25.19796,1880.0575,,,,0.94349214,0,0.064741499,0,0,0,0,,,0.028675,,,,,,,
25.22386,1877.1095,,,,0.94349214,0,0.062470706,0,0,0,0,,,0.0259,,,,,,,
25.250345,1874.564,,,,0.94349214,0,0.064757642,0,0,0,0,,,0.026485,,,,,,,
25.27925,1871.825,,,,0.918054432,0,0.064679237,0,0,0,0,,,0.028905,,,,,,,
25.304545,1869.053,,,,0.918054432,0,0.06555494,0,0,0,0,,,0.025295,,,,,,,
25.33242,1866.543,,,,0.918054432,0,0.065484532,0,0,0,0,,,0.027875,,,,,,,
25.359425,1863.7055,,,,0.918054432,0,0.06530552,0,0,0,0,,,0.027005,,,,,,,
25.41282,1860.841,,,,0.918054432,0,0.062653076,0,0,0,0,,,0.053395,,,,,,,
25.43767,1855.683,,,,0.890716877,0,0.062296241,0,0,0,0,,,0.02485,,,,,,,
25.46211,1853.229,,,,0.890716877,0,0.064520358,0,0,0,0,,,0.02444,,,,,,,
25.487475,1850.7965,,,,0.890716877,0,0.064206848,0,0,0,0,,,0.025365,,,,,,,
25.516065,1848.236,,,,0.890716877,0,0.064340887,0,0,0,0,,,0.02859,,,,,,,
25.54084,1845.3685,,,,0.890716877,0,0.064463932,0,0,0,0,,,0.024775,,,,,,,
25.569085,1842.864,,,,0.866619949,0,0.064110731,0,0,0,0,,,0.028245,,,,,,,
25.593735,1840.0745,,,,0.866619949,0,0.065479791,0,0,0,0,,,0.02465,,,,,,,
25.619425,1837.631,,,,0.866619949,0,0.064474825,0,0,0,0,,,0.02569,,,,,,,
25.64478,1835.0595,,,,0.866619949,0,0.065949358,0,0,0,0,,,0.025355,,,,,,,
25.67322,1832.5145,,,,0.866619949,0,0.066587056,0,0,0,0,,,0.02844,,,,,,,
25.698035,1829.653,,,,0.866619949,0,0.067232023,0,0,0,0,,,0.024815,,,,,,,
25.723605,1827.17,,,,0.841968894,0,0.064130048,0,0,0,0,,,0.02557,,,,,,,
25.749105,1824.5955,,,,0.841968894,0,0.060861272,0,0,0,0,,,0.0255,,,,,,,
25.77374,1822.0745,,,,0.841968894,0,0.063112082,0,0,0,0,,,0.024635,,,,,,,
25.799415,1819.5565,,,,0.841968894,0,0.062039423,0,0,0,0,,,0.025675,,,,,,,
25.827845,1817.0435,,,,0.841968894,0,0.061849262,0,0,0,0,,,0.02843,,,,,,,
25.857725,1813.9245,,,,0.818337929,0,0.062309319,0,0,0,0,,,0.02988,,,,,,,
25.88268,1811.165,,,,0.818337929,0,0.06238251,0,0,0,0,,,0.024955,,,,,,,
25.908015,1808.7095,,,,0.818337929,0,0.061518418,0,0,0,0,,,0.025335,,,,,,,
25.933225,1806.157,,,,0.818337929,0,0.06095544,0,0,0,0,,,0.02521,,,,,,,
25.958935,1803.6595,,,,0.818337929,0,0.059502059,0,0,0,0,,,0.02571,,,,,,,
25.98682,1801.0945,,,,0.818337929,0,0.060946444,0,0,0,0,,,0.027885,,,,,,,
26.042335,1795.0295,,,,0.787567773,0,0.06173384,0,0,0,0,,,0.055515,,,,,,,
26.068215,1792.458,,,,0.787567773,0,0.06093119,0,0,0,0,,,0.02588,,,,,,,
26.094045,1790.167,,,,0.787567773,0,0.062065471,0,0,0,0,,,0.02583,,,,,,,
26.120405,1787.587,,,,0.787567773,0,0.061334307,0,0,0,0,,,0.02636,,,,,,,
26.148985,1784.912,,,,0.787567773,0,0.063043177,0,0,0,0,,,0.02858,,,,,,,
26.175355,1782.064,,,,0.76321035,0,0.061844387,0,0,0,0,,,0.02637,,,,,,,
26.20167,1779.3615,,,,0.76321035,0,0.064115352,0,0,0,0,,,0.026315,,,,,,,
26.22798,1776.83,,,,0.76321035,0,0.064522315,0,0,0,0,,,0.02631,,,,,,,
26.254215,1774.1935,,,,0.76321035,0,0.064610294,0,0,0,0,,,0.026235,,,,,,,
26.28007,1771.5665,,,,0.76321035,0,0.063903571,0,0,0,0,,,0.025855,,,,,,,
26.309185,1768.974,,,,0.741502229,0,0.065531462,0,0,0,0,,,0.029115,,,,,,,
26.334715,1765.813,,,,0.741502229,0,0.06558795,0,0,0,0,,,0.02553,,,,,,,
26.361725,1763.5135,,,,0.741502229,0,0.065393055,0,0,0,0,,,0.02701,,,,,,,
26.388335,1760.811,,,,0.741502229,0,0.063331329,0,0,0,0,,,0.02661,,,,,,,
26.414855,1758.1445,,,,0.741502229,0,0.063860311,0,0,0,0,,,0.02652,,,,,,,
26.440195,1755.2185,,,,0.741502229,0,0.063029569,0,0,0,0,,,0.02534,,,,,,,
26.469555,1752.6875,,,,0.71878398,0,0.062166991,0,0,0,0,,,0.02936,,,,,,,
26.49552,1750.02,,,,0.71878398,0,0.061507584,0,0,0,0,,,0.025965,,,,,,,
26.522505,1747.4215,,,,0.71878398,0,0.062700063,0,0,0,0,,,0.026985,,,,,,,
26.549015,1744.7,,,,0.71878398,0,0.060389083,0,0,0,0,,,0.02651,,,,,,,
26.573955,1742.0735,,,,0.71878398,0,0.062081683,0,0,0,0,,,0.02494,,,,,,,
26.60027,1739.5575,,,,0.71878398,0,0.064063791,0,0,0,0,,,0.026315,,,,,,,
26.628285,1736.9565,,,,0.698776196,0,0.065320636,0,0,0,0,,,0.028015,,,,,,,
26.652785,1734.153,,,,0.698776196,0,0.06540656,0,0,0,0,,,0.0245,,,,,,,
26.678795,1731.724,,,,0.698776196,0,0.062803123,0,0,0,0,,,0.02601,,,,,,,
26.70513,1729.11,,,,0.698776196,0,0.061834628,0,0,0,0,,,0.026335,,,,,,,
26.76312,1726.4505,,,,0.698776196,0,0.062085694,0,0,0,0,,,0.05799,,,,,,,
26.79189,1720.3975,,,,0.679712483,0,0.062993897,0,0,0,0,,,0.02877,,,,,,,
26.81951,1717.5615,,,,0.679712483,0,0.06520858,0,0,0,0,,,0.02762,,,,,,,
26.84581,1715.0295,,,,0.679712483,0,0.065949025,0,0,0,0,,,0.0263,,,,,,,
26.871255,1712.406,,,,0.679712483,0,0.064437167,0,0,0,0,,,0.025445,,,,,,,
26.896975,1709.8345,,,,0.679712483,0,0.064406969,0,0,0,0,,,0.02572,,,,,,,
26.923915,1707.293,,,,0.66399236,0,0.06477715,0,0,0,0,,,0.02694,,,,,,,
26.95386,1704.555,,,,0.66399236,0,0.065584585,0,0,0,0,,,0.029945,,,,,,,
26.98153,1701.5825,,,,0.66399236,0,0.066287535,0,0,0,0,,,0.02767,,,,,,,
27.00715,1698.8005,,,,0.66399236,0,0.066230093,0,0,0,0,,,0.02562,,,,,,,
27.032075,1696.2765,,,,0.66399236,0,0.066068056,0,0,0,0,,,0.024925,,,,,,,
27.059385,1693.771,,,,0.649329092,0,0.065237761,0,0,0,0,,,0.02731,,,,,,,
27.08615,1691.0495,,,,0.649329092,0,0.063565857,0,0,0,0,,,0.026765,,,,,,,
27.11425,1688.369,,,,0.649329092,0,0.063663872,0,0,0,0,,,0.0281,,,,,,,
27.139305,1685.5505,,,,0.649329092,0,0.061763785,0,0,0,0,,,0.025055,,,,,,,
27.164525,1683.0385,,,,0.649329092,0,0.060525782,0,0,0,0,,,0.02522,,,,,,,
27.1901,1680.5245,,,,0.649329092,0,0.05899753,0,0,0,0,,,0.025575,,,,,,,
27.21606,1677.681,,,,0.633241102,0,0.060044925,0,0,0,0,,,0.02596,,,,,,,
27.24254,1675.381,,,,0.633241102,0,0.059755436,0,0,0,0,,,0.02648,,,,,,,
27.27101,1672.701,,,,0.633241102,0,0.059392718,0,0,0,0,,,0.02847,,,,,,,
27.298715,1669.872,,,,0.633241102,0,0.060363919,0,0,0,0,,,0.027705,,,,,,,
27.324285,1667.1055,,,,0.633241102,0,0.059467264,0,0,0,0,,,0.02557,,,,,,,
27.350165,1664.5255,,,,0.633241102,0,0.056424726,0,0,0,0,,,0.02588,,,,,,,
27.375985,1661.969,,,,0.619898073,0,0.055903594,0,0,0,0,,,0.02582,,,,,,,
27.401215,1659.3605,,,,0.619898073,0,0.055598596,0,0,0,0,,,0.02523,,,,,,,
27.428735,1656.863,,,,0.619898073,0,0.055218125,0,0,0,0,,,0.02752,,,,,,,
27.456465,1654.105,,,,0.619898073,0,0.056895099,0,0,0,0,,,0.02773,,,,,,,
27.483455,1651.274,,,,0.619898073,0,0.060014276,0,0,0,0,,,0.02699,,,,,,,
27.510405,1648.644,,,,0.60777857,0,0.060945031,0,0,0,0,,,0.02695,,,,,,,
27.53646,1645.921,,,,0.60777857,0,0.06267802,0,0,0,0,,,0.026055,,,,,,,
27.56218,1643.3415,,,,0.60777857,0,0.063426216,0,0,0,0,,,0.02572,,,,,,,
27.59074,1640.774,,,,0.60777857,0,0.061765063,0,0,0,0,,,0.02856,,,,,,,
27.64653,1634.8815,,,,0.60777857,0,0.06110866,0,0,0,0,,,0.05579,,,,,,,
27.671695,1632.344,,,,0.593781809,0,0.061977431,0,0,0,0,,,0.025165,,,,,,,
27.69749,1629.79,,,,0.593781809,0,0.060417114,0,0,0,0,,,0.025795,,,,,,,
27.724145,1627.2335,,,,0.593781809,0,0.06125236,0,0,0,0,,,0.026655,,,,,,,
27.75266,1624.5245,,,,0.593781809,0,0.061702252,0,0,0,0,,,0.028515,,,,,,,
27.77858,1621.713,,,,0.593781809,0,0.062266973,0,0,0,0,,,0.02592,,,,,,,
27.80567,1619.1135,,,,0.593781809,0,0.065135353,0,0,0,0,,,0.02709,,,,,,,
27.831255,1616.417,,,,0.582041907,0,0.064739252,0,0,0,0,,,0.025585,,,,,,,
27.857425,1613.8645,,,,0.582041907,0,0.062579518,0,0,0,0,,,0.02617,,,,,,,
27.88305,1611.241,,,,0.582041907,0,0.062958044,0,0,0,0,,,0.025625,,,,,,,
27.911005,1608.6835,,,,0.582041907,0,0.063269195,0,0,0,0,,,0.027955,,,,,,,
27.965415,1603.004,,,,0.570470907,0,0.063468941,0,0,0,0,,,0.05441,,,,,,,
27.99132,1600.188,,,,0.570470907,0,0.063584635,0,0,0,0,,,0.025905,,,,,,,
28.017445,1597.824,,,,0.570470907,0,0.060737135,0,0,0,0,,,0.026125,,,,,,,
28.043125,1595.244,,,,0.570470907,0,0.061659206,0,0,0,0,,,0.02568,,,,,,,
28.06993,1592.639,,,,0.570470907,0,0.062043926,0,0,0,0,,,0.026805,,,,,,,
28.094275,1589.9725,,,,0.570470907,0,0.060655805,0,0,0,0,,,0.024345,,,,,,,
28.11989,1587.5805,,,,0.557996578,0,0.062642916,0,0,0,0,,,0.025615,,,,,,,
28.146565,1584.99,,,,0.557996578,0,0.064071076,0,0,0,0,,,0.026675,,,,,,,
28.174,1582.1015,,,,0.557996578,0,0.063974849,0,0,0,0,,,0.027435,,,,,,,
28.200005,1579.5635,,,,0.557996578,0,0.061332461,0,0,0,0,,,0.026005,,,,,,,
28.227105,1576.8985,,,,0.557996578,0,0.064075648,0,0,0,0,,,0.0271,,,,,,,
28.279815,1571.3545,,,,0.543663324,0,0.064115589,0,0,0,0,,,0.05271,,,,,,,
28.334825,1569.007,,,,0.543663324,0,0.066962256,0,0,0,0,,,0.05501,,,,,,,
28.360205,1563.482,,,,0.543663324,0,0.066624151,0,0,0,0,,,0.02538,,,,,,,
28.38693,1560.9435,,,,0.543663324,0,0.064655727,0,0,0,0,,,0.026725,,,,,,,
28.411165,1558.2985,,,,0.531546127,0,0.064317654,0,0,0,0,,,0.024235,,,,,,,
28.43739,1555.8915,,,,0.531546127,0,0.064556654,0,0,0,0,,,0.026225,,,,,,,
28.46296,1553.244,,,,0.531546127,0,0.063206385,0,0,0,0,,,0.02557,,,,,,,
28.48836,1550.696,,,,0.531546127,0,0.061449896,0,0,0,0,,,0.0254,,,,,,,
28.514165,1548.1485,,,,0.531546127,0,0.062000405,0,0,0,0,,,0.025805,,,,,,,
28.54304,1545.5755,,,,0.531546127,0,0.062075577,0,0,0,0,,,0.028875,,,,,,,
28.56718,1542.1255,,,,0.51688317,0,0.064137732,0,0,0,0,,,0.02414,,,,,,,
28.592445,1540.288,,,,0.51688317,0,0.065186104,0,0,0,0,,,0.025265,,,,,,,
28.62029,1537.6715,,,,0.51688317,0,0.06609386,0,0,0,0,,,0.027845,,,,,,,
28.645285,1534.957,,,,0.51688317,0,0.065699833,0,0,0,0,,,0.024995,,,,,,,
28.67123,1532.447,,,,0.51688317,0,0.066530573,0,0,0,0,,,0.025945,,,,,,,
28.697835,1529.843,,,,0.51688317,0,0.065063358,0,0,0,0,,,0.026605,,,,,,,
28.72228,1527.2055,,,,0.50454837,0,0.062940163,0,0,0,0,,,0.024445,,,,,,,
28.748475,1524.7295,,,,0.50454837,0,0.063127844,0,0,0,0,,,0.026195,,,,,,,
28.774245,1522.129,,,,0.50454837,0,0.064603808,0,0,0,0,,,0.02577,,,,,,,
28.800305,1519.527,,,,0.50454837,0,0.06350283,0,0,0,0,,,0.02606,,,,,,,
28.825205,1516.953,,,,0.50454837,0,0.060975119,0,0,0,0,,,0.0249,,,,,,,
28.85607,1514.4055,,,,0.50454837,0,0.060943059,0,0,0,0,,,0.030865,,,,,,,
28.881295,1511.1265,,,,0.489777946,0,0.06192208,0,0,0,0,,,0.025225,,,,,,,
28.907515,1508.869,,,,0.489777946,0,0.062260536,0,0,0,0,,,0.02622,,,,,,,
28.932995,1506.1855,,,,0.489777946,0,0.063205141,0,0,0,0,,,0.02548,,,,,,,
28.95804,1503.691,,,,0.489777946,0,0.062264816,0,0,0,0,,,0.025045,,,,,,,
28.98289,1501.1575,,,,0.489777946,0,0.063432875,0,0,0,0,,,0.02485,,,,,,,
29.011675,1498.704,,,,0.489777946,0,0.064182983,0,0,0,0,,,0.028785,,,,,,,
29.065625,1492.6945,,,,0.479312362,0,0.065419422,0,0,0,0,,,0.05395,,,,,,,
29.090315,1490.1755,,,,0.479312362,0,0.06563204,0,0,0,0,,,0.02469,,,,,,,
29.116995,1487.9795,,,,0.479312362,0,0.06360425,0,0,0,0,,,0.02668,,,,,,,
29.142275,1485.2915,,,,0.479312362,0,0.063466421,0,0,0,0,,,0.02528,,,,,,,
29.172185,1482.681,,,,0.467749818,0,0.062645932,0,0,0,0,,,0.02991,,,,,,,
29.229325,1476.348,,,,0.467749818,0,0.064139702,0,0,0,0,,,0.05714,,,,,,,
29.25621,1474.026,,,,0.467749818,0,0.062551935,0,0,0,0,,,0.026885,,,,,,,
29.28183,1471.328,,,,0.467749818,0,0.062798762,0,0,0,0,,,0.02562,,,,,,,
29.308075,1468.803,,,,0.467749818,0,0.062277208,0,0,0,0,,,0.026245,,,,,,,
29.33591,1466.1725,,,,0.449343121,0,0.061879191,0,0,0,0,,,0.027835,,,,,,,
29.361905,1463.391,,,,0.449343121,0,0.064389997,0,0,0,0,,,0.025995,,,,,,,
29.387645,1460.7825,,,,0.449343121,0,0.064497434,0,0,0,0,,,0.02574,,,,,,,
29.413375,1458.225,,,,0.449343121,0,0.065238494,0,0,0,0,,,0.02573,,,,,,,
29.439145,1455.6445,,,,0.449343121,0,0.065349009,0,0,0,0,,,0.02577,,,,,,,
29.46548,1453.0275,,,,0.435790528,0,0.066094908,0,0,0,0,,,0.026335,,,,,,,
29.494535,1450.434,,,,0.435790528,0,0.067012606,0,0,0,0,,,0.029055,,,,,,,
29.549775,1444.669,,,,0.435790528,0,0.066271523,0,0,0,0,,,0.05524,,,,,,,
29.57627,1442.0025,,,,0.435790528,0,0.064323192,0,0,0,0,,,0.026495,,,,,,,
29.601495,1439.3635,,,,0.435790528,0,0.067220026,0,0,0,0,,,0.025225,,,,,,,
29.62713,1436.839,,,,0.419929772,0,0.065516213,0,0,0,0,,,0.025635,,,,,,,
29.65635,1434.276,,,,0.419929772,0,0.06594438,0,0,0,0,,,0.02922,,,,,,,
29.735575,1428.393,,,,0.419929772,0,0.060385585,0,0,0,0,,,0.079225,,,,,,,
29.75928,1423.1245,,,,0.419929772,0,0.060079293,0,0,0,0,,,0.023705,,,,,,,
29.783835,1421.084,,,,0.401509484,0,0.061948543,0,0,0,0,,,0.024555,,,,,,,
29.81216,1418.603,,,,0.401509484,0,0.061141781,0,0,0,0,,,0.028325,,,,,,,
29.86443,1413.2685,,,,0.401509484,0,0.061489662,0,0,0,0,,,0.05227,,,,,,,
29.890285,1410.5415,,,,0.401509484,0,0.063021131,0,0,0,0,,,0.025855,,,,,,,
29.91652,1407.667,,,,0.381154763,0,0.061765244,0,0,0,0,,,0.026235,,,,,,,
29.94245,1405.3305,,,,0.381154763,0,0.061350384,0,0,0,0,,,0.02593,,,,,,,
29.97052,1402.666,,,,0.381154763,0,0.060756855,0,0,0,0,,,0.02807,,,,,,,
29.99584,1399.9245,,,,0.381154763,0,0.06240639,0,0,0,0,,,0.02532,,,,,,,
30.021685,1397.4005,,,,0.381154763,0,0.062799967,0,0,0,0,,,0.025845,,,,,,,
30.04853,1394.789,,,,0.381154763,0,0.06215218,0,0,0,0,,,0.026845,,,,,,,
30.074485,1392.0975,,,,0.36626144,0,0.062073491,0,0,0,0,,,0.025955,,,,,,,
30.099695,1389.507,,,,0.36626144,0,0.060626965,0,0,0,0,,,0.02521,,,,,,,
30.12836,1387.0085,,,,0.36626144,0,0.060779241,0,0,0,0,,,0.028665,,,,,,,
30.15301,1384.1525,,,,0.36626144,0,0.060820067,0,0,0,0,,,0.02465,,,,,,,
30.17796,1381.694,,,,0.36626144,0,0.061440041,0,0,0,0,,,0.02495,,,,,,,
30.20445,1379.1985,,,,0.36626144,0,0.060813119,0,0,0,0,,,0.02649,,,,,,,
30.231265,1376.543,,,,0.347464554,0,0.062511083,0,0,0,0,,,0.026815,,,,,,,
30.257225,1373.844,,,,0.347464554,0,0.06190727,0,0,0,0,,,0.02596,,,,,,,
30.286365,1371.2485,,,,0.347464554,0,0.06253652,0,0,0,0,,,0.02914,,,,,,,
30.31052,1368.356,,,,0.347464554,0,0.064977096,0,0,0,0,,,0.024155,,,,,,,
30.336905,1365.926,,,,0.347464554,0,0.064356598,0,0,0,0,,,0.026385,,,,,,,
30.36459,1363.247,,,,0.347464554,0,0.063954387,0,0,0,0,,,0.027685,,,,,,,
30.39022,1360.2745,,,,0.328225417,0,0.064126044,0,0,0,0,,,0.02563,,,,,,,
30.41566,1357.667,,,,0.328225417,0,0.063000289,0,0,0,0,,,0.02544,,,,,,,
30.44568,1355.4235,,,,0.328225417,0,0.0641403,0,0,0,0,,,0.03002,,,,,,,
30.500665,1349.4525,,,,0.328225417,0,0.065130013,0,0,0,0,,,0.054985,,,,,,,
30.525985,1346.908,,,,0.312118431,0,0.061371205,0,0,0,0,,,0.02532,,,,,,,
30.55126,1344.3925,,,,0.312118431,0,0.063564124,0,0,0,0,,,0.025275,,,,,,,
30.57617,1341.834,,,,0.312118431,0,0.064925814,0,0,0,0,,,0.02491,,,,,,,
30.604985,1339.2655,,,,0.312118431,0,0.064008623,0,0,0,0,,,0.028815,,,,,,,
30.66002,1333.4255,,,,0.312118431,0,0.062776501,0,0,0,0,,,0.055035,,,,,,,
30.685255,1330.9925,,,,0.29642623,0,0.062709544,0,0,0,0,,,0.025235,,,,,,,
30.709905,1328.4585,,,,0.29642623,0,0.063559504,0,0,0,0,,,0.02465,,,,,,,
30.735605,1326.011,,,,0.29642623,0,0.063915415,0,0,0,0,,,0.0257,,,,,,,
30.762535,1323.4095,,,,0.29642623,0,0.063118939,0,0,0,0,,,0.02693,,,,,,,
30.787925,1320.745,,,,0.29642623,0,0.062313783,0,0,0,0,,,0.02539,,,,,,,
30.8144,1318.2055,,,,0.29642623,0,0.061939487,0,0,0,0,,,0.026475,,,,,,,
30.83876,1315.549,,,,0.276334854,0,0.061644722,0,0,0,0,,,0.02436,,,,,,,
30.864395,1313.125,,,,0.276334854,0,0.062276519,0,0,0,0,,,0.025635,,,,,,,
30.89066,1310.282,,,,0.276334854,0,0.062701826,0,0,0,0,,,0.026265,,,,,,,
30.919595,1307.6295,,,,0.276334854,0,0.062671326,0,0,0,0,,,0.028935,,,,,,,
30.94512,1305.0195,,,,0.276334854,0,0.064222641,0,0,0,0,,,0.025525,,,,,,,
30.972165,1302.487,,,,0.260994596,0,0.064921007,0,0,0,0,,,0.027045,,,,,,,
30.99755,1299.6035,,,,0.260994596,0,0.066635772,0,0,0,0,,,0.025385,,,,,,,
31.02391,1297.2135,,,,0.260994596,0,0.067040098,0,0,0,0,,,0.02636,,,,,,,
31.04905,1294.587,,,,0.260994596,0,0.067164201,0,0,0,0,,,0.02514,,,,,,,
31.07784,1292.095,,,,0.260994596,0,0.067914759,0,0,0,0,,,0.02879,,,,,,,
31.1029,1289.035,,,,0.260994596,0,0.067111214,0,0,0,0,,,0.02506,,,,,,,
31.156415,1286.712,,,,0.242484113,0,0.062702865,0,0,0,0,,,0.053515,,,,,,,
31.181765,1281.0985,,,,0.242484113,0,0.063734707,0,0,0,0,,,0.02535,,,,,,,
31.207395,1278.808,,,,0.242484113,0,0.065418374,0,0,0,0,,,0.02563,,,,,,,
31.235995,1276.2495,,,,0.242484113,0,0.065877411,0,0,0,0,,,0.0286,,,,,,,
31.29112,1270.631,,,,0.227888093,0,0.065642543,0,0,0,0,,,0.055125,,,,,,,
31.31881,1267.827,,,,0.227888093,0,0.064849453,0,0,0,0,,,0.02769,,,,,,,
31.345045,1265.098,,,,0.227888093,0,0.064279997,0,0,0,0,,,0.026235,,,,,,,
31.371565,1262.471,,,,0.227888093,0,0.066162529,0,0,0,0,,,0.02652,,,,,,,
31.400755,1259.829,,,,0.227888093,0,0.063649215,0,0,0,0,,,0.02919,,,,,,,
31.42721,1256.883,,,,0.213671489,0,0.063764078,0,0,0,0,,,0.026455,,,,,,,
31.454295,1254.2515,,,,0.213671489,0,0.061302811,0,0,0,0,,,0.027085,,,,,,,
31.47953,1251.5545,,,,0.213671489,0,0.060962134,0,0,0,0,,,0.025235,,,,,,,
31.506755,1249.037,,,,0.213671489,0,0.062270036,0,0,0,0,,,0.027225,,,,,,,
31.532925,1246.2875,,,,0.213671489,0,0.062825772,0,0,0,0,,,0.02617,,,,,,,
31.56125,1243.6795,,,,0.213671489,0,0.061226258,0,0,0,0,,,0.028325,,,,,,,
31.58841,1240.851,,,,0.197190692,0,0.062134677,0,0,0,0,,,0.02716,,,,,,,
31.615445,1238.127,,,,0.197190692,0,0.060427313,0,0,0,0,,,0.027035,,,,,,,
31.641005,1235.437,,,,0.197190692,0,0.062543549,0,0,0,0,,,0.02556,,,,,,,
31.66686,1232.598,,,,0.197190692,0,0.063319149,0,0,0,0,,,0.025855,,,,,,,
31.693515,1230.295,,,,0.197190692,0,0.061570094,0,0,0,0,,,0.026655,,,,,,,
31.721805,1227.6405,,,,0.183172368,0,0.062221362,0,0,0,0,,,0.02829,,,,,,,
31.77528,1222.05,,,,0.183172368,0,0.062176976,0,0,0,0,,,0.053475,,,,,,,
31.800305,1219.416,,,,0.183172368,0,0.062860036,0,0,0,0,,,0.025025,,,,,,,
31.825225,1216.9745,,,,0.183172368,0,0.06187004,0,0,0,0,,,0.02492,,,,,,,
31.85116,1214.4155,,,,0.183172368,0,0.062343848,0,0,0,0,,,0.025935,,,,,,,
31.880395,1211.857,,,,0.166722895,0,0.063443383,0,0,0,0,,,0.029235,,,,,,,
31.907945,1208.937,,,,0.166722895,0,0.065236922,0,0,0,0,,,0.02755,,,,,,,
31.935935,1206.0915,,,,0.166722895,0,0.064470366,0,0,0,0,,,0.02799,,,,,,,
31.96186,1203.333,,,,0.166722895,0,0.063220501,0,0,0,0,,,0.025925,,,,,,,
31.98858,1200.8035,,,,0.166722895,0,0.063260166,0,0,0,0,,,0.02672,,,,,,,
32.01519,1198.105,,,,0.166722895,0,0.06288338,0,0,0,0,,,0.02661,,,,,,,
32.04419,1195.186,,,,0.151034554,0,0.063741775,0,0,0,0,,,0.029,,,,,,,
32.099855,1189.578,,,,0.151034554,0,0.064756546,0,0,0,0,,,0.055665,,,,,,,
32.125355,1186.986,,,,0.151034554,0,0.06407814,0,0,0,0,,,0.0255,,,,,,,
32.15082,1184.418,,,,0.151034554,0,0.067027312,0,0,0,0,,,0.025465,,,,,,,
32.176055,1181.9005,,,,0.137432262,0,0.066613422,0,0,0,0,,,0.025235,,,,,,,
32.2057,1179.3725,,,,0.137432262,0,0.06612632,0,0,0,0,,,0.029645,,,,,,,
32.257605,1173.7005,,,,0.137432262,0,0.063103861,0,0,0,0,,,0.051905,,,,,,,
32.28386,1171.2215,,,,0.137432262,0,0.063929739,0,0,0,0,,,0.026255,,,,,,,
32.31049,1168.6,,,,0.137432262,0,0.063354709,0,0,0,0,,,0.02663,,,,,,,
32.337545,1165.908,,,,0.121482445,0,0.063090938,0,0,0,0,,,0.027055,,,,,,,
32.36691,1163.2275,,,,0.121482445,0,0.06227371,0,0,0,0,,,0.029365,,,,,,,
32.39334,1160.284,,,,0.121482445,0,0.060581302,0,0,0,0,,,0.02643,,,,,,,
32.42033,1157.6145,,,,0.121482445,0,0.059931895,0,0,0,0,,,0.02699,,,,,,,
32.445655,1154.9425,,,,0.121482445,0,0.059731052,0,0,0,0,,,0.025325,,,,,,,
32.471785,1152.4085,,,,0.107803906,0,0.061104562,0,0,0,0,,,0.02613,,,,,,,
32.498085,1149.7725,,,,0.107803906,0,0.060849856,0,0,0,0,,,0.0263,,,,,,,
32.526395,1147.172,,,,0.107803906,0,0.06226208,0,0,0,0,,,0.02831,,,,,,,
32.5544,1144.095,,,,0.107803906,0,0.060464966,0,0,0,0,,,0.028005,,,,,,,
32.61507,1141.5115,,,,0.107803906,0,0.063348541,0,0,0,0,,,0.06067,,,,,,,
32.640575,1135.1615,,,,0.091326893,0,0.064039177,0,0,0,0,,,0.025505,,,,,,,
32.6657,1132.9195,,,,0.091326893,0,0.064705942,0,0,0,0,,,0.025125,,,,,,,
32.695405,1130.0765,,,,0.091326893,0,0.064364874,0,0,0,0,,,0.029705,,,,,,,
32.71954,1127.4455,,,,0.091326893,0,0.064237566,0,0,0,0,,,0.024135,,,,,,,
32.74449,1125.0365,,,,0.091326893,0,0.064489051,0,0,0,0,,,0.02495,,,,,,,
32.76974,1122.542,,,,0.078729168,0,0.064841512,0,0,0,0,,,0.02525,,,,,,,
32.796015,1120.033,,,,0.078729168,0,0.063434211,0,0,0,0,,,0.026275,,,,,,,
32.82172,1117.349,,,,0.078729168,0,0.063571801,0,0,0,0,,,0.025705,,,,,,,
32.85162,1114.814,,,,0.078729168,0,0.062849675,0,0,0,0,,,0.0299,,,,,,,
32.877855,1111.8005,,,,0.078729168,0,0.06112352,0,0,0,0,,,0.026235,,,,,,,
32.90451,1109.1765,,,,0.078729168,0,0.060866424,0,0,0,0,,,0.026655,,,,,,,
32.930965,1106.5,,,,0.065227539,0,0.061665937,0,0,0,0,,,0.026455,,,,,,,
32.95791,1103.8845,,,,0.065227539,0,0.061441518,0,0,0,0,,,0.026945,,,,,,,
32.98312,1101.201,,,,0.065227539,0,0.060042399,0,0,0,0,,,0.02521,,,,,,,
33.0125,1098.6815,,,,0.065227539,0,0.06041413,0,0,0,0,,,0.02938,,,,,,,
33.03783,1095.7355,,,,0.065227539,0,0.061173497,0,0,0,0,,,0.02533,,,,,,,
33.064315,1093.184,,,,0.065227539,0,0.063438614,0,0,0,0,,,0.026485,,,,,,,
33.090165,1090.5365,,,,0.047873192,0,0.064740485,0,0,0,0,,,0.02585,,,,,,,
33.11611,1087.9425,,,,0.047873192,0,0.063878666,0,0,0,0,,,0.025945,,,,,,,
33.142365,1085.1285,,,,0.047873192,0,0.064937226,0,0,0,0,,,0.026255,,,,,,,
33.171695,1082.729,,,,0.047873192,0,0.064562712,0,0,0,0,,,0.02933,,,,,,,
33.22677,1076.6405,,,,0.03149921,0,0.06723073,0,0,0,0,,,0.055075,,,,,,,
33.2532,1074.2115,,,,0.03149921,0,0.065741601,0,0,0,0,,,0.02643,,,,,,,
33.28,1071.6565,,,,0.03149921,0,0.066412407,0,0,0,0,,,0.0268,,,,,,,
33.305335,1068.9845,,,,0.03149921,0,0.066091488,0,0,0,0,,,0.025335,,,,,,,
33.333625,1066.4655,,,,0.03149921,0,0.066454207,0,0,0,0,,,0.02829,,,,,,,
33.3585,1063.6175,,,,0.03149921,0,0.064585438,0,0,0,0,,,0.024875,,,,,,,
33.384505,1061.158,,,,0.023636645,0,0.065340232,0,0,0,0,,,0.026005,,,,,,,
33.409755,1058.5445,,,,0.023636645,0,0.065684197,0,0,0,0,,,0.02525,,,,,,,
33.436335,1055.9845,,,,0.023636645,0,0.065205687,0,0,0,0,,,0.02658,,,,,,,
33.461775,1053.3465,,,,0.023636645,0,0.066366717,0,0,0,0,,,0.02544,,,,,,,
33.49178,1050.81,,,,0.023636645,0,0.065129697,0,0,0,0,,,0.030005,,,,,,,
33.546225,1044.886,,,,0.012402359,0,0.063774268,0,0,0,0,,,0.054445,,,,,,,
33.573045,1042.357,,,,0.012402359,0,0.064981525,0,0,0,0,,,0.02682,,,,,,,
33.59919,1039.616,,,,0.012402359,0,0.065523179,0,0,0,0,,,0.026145,,,,,,,
33.624755,1037.059,,,,0.012402359,0,0.065460234,0,0,0,0,,,0.025565,,,,,,,
33.6536,1034.477,,,,0.012402359,0,0.064529533,0,0,0,0,,,0.028845,,,,,,,
33.704615,1029.0495,,,,0.015049976,0,0.065435243,0,0,0,0,,,0.051015,,,,,,,
33.72965,1026.474,,,,0.015049976,0,0.061621529,0,0,0,0,,,0.025035,,,,,,,
33.756065,1024.0125,,,,0.015049976,0,0.059951348,0,0,0,0,,,0.026415,,,,,,,
33.78164,1021.361,,,,0.015049976,0,0.062260305,0,0,0,0,,,0.025575,,,,,,,
33.81064,1018.826,,,,0.015049976,0,0.062687746,0,0,0,0,,,0.029,,,,,,,
33.835825,1015.7,,,,0.00125,0,0.061243692,0,0,0,0,,,0.025185,,,,,,,
33.862065,1013.351,,,,0.00125,0,0.0618036,0,0,0,0,,,0.02624,,,,,,,
33.88705,1010.7735,,,,0.00125,0,0.061552512,0,0,0,0,,,0.024985,,,,,,,
33.91166,1008.19,,,,0.00125,0,0.062458233,0,0,0,0,,,0.02461,,,,,,,
33.935845,1005.8415,,,,0.00125,0,0.0638809,0,0,0,0,,,0.024185,,,,,,,
33.991575,1003.4195,,,,0.00125,0,0.064465138,0,0,0,0,,,0.05573,,,,,,,
34.02039,1000,,,,-0.006576335,0,0.065009464,0,0,0,0,,,0.028815,,,,,,,
34.044415,1000,,,,-0.006576335,0,0.063655788,0,0,0,0,,,0.024025,,,,,,,
34.069225,1000,,,,-0.006576335,0,0.065033345,0,0,0,0,,,0.02481,,,,,,,
34.09523,1000,,,,-0.006576335,0,0.061905515,0,0,0,0,,,0.026005,,,,,,,
34.12042,1000,,,,-0.006576335,0,0.064018485,0,0,0,0,,,0.02519,,,,,,,
34.14913,1000,,,,-0.008787972,0,0.064705606,0,0,0,0,,,0.02871,,,,,,,
34.17611,1000,,,,-0.008787972,0,0.064397951,0,0,0,0,,,0.02698,,,,,,,
34.20177,1000,,,,-0.008787972,0,0.062900423,0,0,0,0,,,0.02566,,,,,,,
34.22874,1000,,,,-0.008787972,0,0.061143176,0,0,0,0,,,0.02697,,,,,,,
34.253455,1000,,,,-0.008787972,0,0.060026678,0,0,0,0,,,0.024715,,,,,,,
34.27846,1000,,,,-0.004907784,0,0.059150896,0,0,0,0,,,0.025005,,,,,,,
34.307285,1000,,,,-0.004907784,0,0.059393933,0,0,0,0,,,0.028825,,,,,,,
34.333005,1000,,,,-0.004907784,0,0.060570289,0,0,0,0,,,0.02572,,,,,,,
34.35948,1000,,,,-0.004907784,0,0.062349535,0,0,0,0,,,0.026475,,,,,,,
34.384255,1000,,,,-0.004907784,0,0.063745104,0,0,0,0,,,0.024775,,,,,,,
34.410475,1000,,,,-0.004907784,0,0.06277154,0,0,0,0,,,0.02622,,,,,,,
34.43673,1000,,,,-0.002944691,0,0.062204971,0,0,0,0,,,0.026255,,,,,,,
34.46417,1000,,,,-0.002944691,0,0.061997118,0,0,0,0,,,0.02744,,,,,,,
34.492245,1000,,,,-0.002944691,0,0.061871951,0,0,0,0,,,0.028075,,,,,,,
34.520615,1000,,,,-0.002944691,0,0.059569407,0,0,0,0,,,0.02837,,,,,,,
34.54562,1000,,,,-0.002944691,0,0.0598971,0,0,0,0,,,0.025005,,,,,,,
34.57071,1000,,,,-0.002944691,0,0.061159609,0,0,0,0,,,0.02509,,,,,,,
34.595495,1000,,,,-0.002160872,0,0.062679857,0,0,0,0,,,0.024785,,,,,,,
34.624745,1000,,,,-0.002160872,0,0.062652814,0,0,0,0,,,0.02925,,,,,,,
34.651475,1000,,,,-0.002160872,0,0.063456816,0,0,0,0,,,0.02673,,,,,,,
34.677625,1000,,,,-0.002160872,0,0.062349061,0,0,0,0,,,0.02615,,,,,,,
34.70374,1000,,,,-0.002160872,0,0.061581548,0,0,0,0,,,0.026115,,,,,,,
34.728275,1000,,,,-0.001991387,0,0.060752493,0,0,0,0,,,0.024535,,,,,,,
34.755175,1000,,,,-0.001991387,0,0.061174605,0,0,0,0,,,0.0269,,,,,,,
34.784415,1000,,,,-0.001991387,0,0.063960936,0,0,0,0,,,0.02924,,,,,,,
34.81014,1000,,,,-0.001991387,0,0.063636804,0,0,0,0,,,0.025725,,,,,,,
34.83541,1000,,,,-0.001991387,0,0.062466248,0,0,0,0,,,0.02527,,,,,,,
34.860875,1000,,,,-0.001991387,0,0.063657093,0,0,0,0,,,0.025465,,,,,,,
34.886685,1000,,,,-0.001906864,0,0.066149545,0,0,0,0,,,0.02581,,,,,,,
34.912625,1000,,,,-0.001906864,0,0.065988439,0,0,0,0,,,0.02594,,,,,,,
34.941215,1000,,,,-0.001906864,0,0.064672988,0,0,0,0,,,0.02859,,,,,,,
34.96759,1000,,,,-0.001906864,0,0.065269662,0,0,0,0,,,0.026375,,,,,,,
34.99344,1000,,,,-0.001906864,0,0.061831043,0,0,0,0,,,0.02585,,,,,,,
35.019455,1000,,,,-0.001906864,0,0.062317185,0,0,0,0,,,0.026015,,,,,,,
35.045495,1000,,,,-0.002785674,0,0.062738368,0,0,0,0,,,0.02604,,,,,,,
35.070855,1000,,,,-0.002785674,0,0.061173408,0,0,0,0,,,0.02536,,,,,,,
35.0989,1000,,,,-0.002785674,0,0.061241451,0,0,0,0,,,0.028045,,,,,,,
35.12591,1000,,,,-0.002785674,0,0.05988018,0,0,0,0,,,0.02701,,,,,,,
35.151335,1000,,,,-0.002785674,0,0.060558682,0,0,0,0,,,0.025425,,,,,,,
35.176185,1000,,,,-0.003096545,0,0.062424031,0,0,0,0,,,0.02485,,,,,,,
35.20148,1000,,,,-0.003096545,0,0.063964021,0,0,0,0,,,0.025295,,,,,,,
35.2262,1000,,,,-0.003096545,0,0.065124693,0,0,0,0,,,0.02472,,,,,,,
35.255275,1000,,,,-0.003096545,0,0.065682245,0,0,0,0,,,0.029075,,,,,,,
35.28163,1000,,,,-0.003096545,0,0.064472146,0,0,0,0,,,0.026355,,,,,,,
35.306725,1000,,,,-0.003096545,0,0.063830647,0,0,0,0,,,0.025095,,,,,,,
35.334215,1000,,,,-0.00325463,0,0.061558441,0,0,0,0,,,0.02749,,,,,,,
35.35922,1000,,,,-0.00325463,0,0.063895185,0,0,0,0,,,0.025005,,,,,,,
35.38532,1000,,,,-0.00325463,0,0.06223806,0,0,0,0,,,0.0261,,,,,,,
35.41312,1000,,,,-0.00325463,0,0.064808696,0,0,0,0,,,0.0278,,,,,,,
35.439715,1000,,,,-0.00325463,0,0.064183069,0,0,0,0,,,0.026595,,,,,,,
35.46435,1000,,,,-0.00325463,0,0.064080206,0,0,0,0,,,0.024635,,,,,,,
35.491505,1000,,,,-0.004261719,0,0.062747358,0,0,0,0,,,0.027155,,,,,,,
35.52094,1000,,,,-0.004261719,0,0.065339161,0,0,0,0,,,0.029435,,,,,,,
35.547215,1000,,,,-0.004261719,0,0.064769723,0,0,0,0,,,0.026275,,,,,,,
35.57543,1000,,,,-0.004261719,0,0.065100622,0,0,0,0,,,0.028215,,,,,,,
35.601105,1000,,,,-0.004261719,0,0.063249416,0,0,0,0,,,0.025675,,,,,,,
35.626935,1000,,,,-0.004261719,0,0.065488028,0,0,0,0,,,0.02583,,,,,,,
35.652495,1000,,,,-0.004667993,0,0.06425761,0,0,0,0,,,0.02556,,,,,,,
35.67763,1000,,,,-0.004667993,0,0.064380842,0,0,0,0,,,0.025135,,,,,,,
35.703425,1000,,,,-0.004667993,0,0.063236716,0,0,0,0,,,0.025795,,,,,,,
35.73229,1000,,,,-0.004667993,0,0.063026514,0,0,0,0,,,0.028865,,,,,,,
35.75913,1000,,,,-0.004667993,0,0.061338136,0,0,0,0,,,0.02684,,,,,,,
35.785035,1000,,,,-0.004692951,0,0.059810734,0,0,0,0,,,0.025905,,,,,,,
35.809565,1000,,,,-0.004692951,0,0.059322648,0,0,0,0,,,0.02453,,,,,,,
35.83596,1000,,,,-0.004692951,0,0.061405095,0,0,0,0,,,0.026395,,,,,,,
35.861765,1000,,,,-0.004692951,0,0.063378336,0,0,0,0,,,0.025805,,,,,,,
35.94159,1000,,,,-0.004705475,0,0.061944701,0,0,0,0,,,0.079825,,,,,,,
35.96637,1000,,,,-0.004705475,0,0.061004947,0,0,0,0,,,0.02478,,,,,,,
35.991665,1000,,,,-0.004705475,0,0.062748773,0,0,0,0,,,0.025295,,,,,,,
36.017,1000,,,,-0.004705475,0,0.062411953,0,0,0,0,,,0.025335,,,,,,,
36.042705,1000,,,,-0.004705475,0,0.059834086,0,0,0,0,,,0.025705,,,,,,,
36.070165,1000,,,,-0.004705475,0,0.058340831,0,0,0,0,,,0.02746,,,,,,,
36.096855,1000,,,,-0.004710425,0,0.059956919,0,0,0,0,,,0.02669,,,,,,,
36.12326,1000,,,,-0.004710425,0,0.059233974,0,0,0,0,,,0.026405,,,,,,,
36.149005,1000,,,,-0.004710425,0,0.06117432,0,0,0,0,,,0.025745,,,,,,,
36.174635,1000,,,,-0.004710425,0,0.062401979,0,0,0,0,,,0.02563,,,,,,,
36.199745,1000,,,,-0.004710425,0,0.062669903,0,0,0,0,,,0.02511,,,,,,,
36.22738,1000,,,,-0.004710425,0,0.061272317,0,0,0,0,,,0.027635,,,,,,,
36.25493,1000,,,,-0.003943818,0,0.061507207,0,0,0,0,,,0.02755,,,,,,,
36.28035,1000,,,,-0.003943818,0,0.060352585,0,0,0,0,,,0.02542,,,,,,,
36.30545,1000,,,,-0.003943818,0,0.061894543,0,0,0,0,,,0.0251,,,,,,,
36.330625,1000,,,,-0.003943818,0,0.061604766,0,0,0,0,,,0.025175,,,,,,,
36.35596,1000,,,,-0.003943818,0,0.062364939,0,0,0,0,,,0.025335,,,,,,,
36.38395,1000,,,,-0.003675284,0,0.062900542,0,0,0,0,,,0.02799,,,,,,,
36.410965,1000,,,,-0.003675284,0,0.065211886,0,0,0,0,,,0.027015,,,,,,,
36.43665,1000,,,,-0.003675284,0,0.066439702,0,0,0,0,,,0.025685,,,,,,,
36.462365,1000,,,,-0.003675284,0,0.065561968,0,0,0,0,,,0.025715,,,,,,,
36.48784,1000,,,,-0.003675284,0,0.064034846,0,0,0,0,,,0.025475,,,,,,,
36.513505,1000,,,,-0.003675284,0,0.06445428,0,0,0,0,,,0.025665,,,,,,,
36.542195,1000,,,,-0.004057123,0,0.064412511,0,0,0,0,,,0.02869,,,,,,,
36.56946,1000,,,,-0.004057123,0,0.066410107,0,0,0,0,,,0.027265,,,,,,,
36.59605,1000,,,,-0.004057123,0,0.067933361,0,0,0,0,,,0.02659,,,,,,,
36.620335,1000,,,,-0.004057123,0,0.065771429,0,0,0,0,,,0.024285,,,,,,,
36.67516,1000,,,,-0.004057123,0,0.065829213,0,0,0,0,,,0.054825,,,,,,,
36.70123,1000,,,,-0.004209519,0,0.066179832,0,0,0,0,,,0.02607,,,,,,,
36.72822,1000,,,,-0.004209519,0,0.063100245,0,0,0,0,,,0.02699,,,,,,,
36.75533,1000,,,,-0.004209519,0,0.063442087,0,0,0,0,,,0.02711,,,,,,,
36.78037,1000,,,,-0.004209519,0,0.065145121,0,0,0,0,,,0.02504,,,,,,,
36.80558,1000,,,,-0.004209519,0,0.064761274,0,0,0,0,,,0.02521,,,,,,,
36.83191,1000,,,,-0.004263708,0,0.06481372,0,0,0,0,,,0.02633,,,,,,,
36.86037,1000,,,,-0.004263708,0,0.06521954,0,0,0,0,,,0.02846,,,,,,,
36.887635,1000,,,,-0.004263708,0,0.065325163,0,0,0,0,,,0.027265,,,,,,,
36.912485,1000,,,,-0.004263708,0,0.065825617,0,0,0,0,,,0.02485,,,,,,,
36.937455,1000,,,,-0.004263708,0,0.066098577,0,0,0,0,,,0.02497,,,,,,,
36.964835,1000,,,,-0.004263708,0,0.065551122,0,0,0,0,,,0.02738,,,,,,,
36.99113,1000,,,,-0.004088692,0,0.06386487,0,0,0,0,,,0.026295,,,,,,,
37.02092,1000,,,,-0.004088692,0,0.061660183,0,0,0,0,,,0.02979,,,,,,,
37.046975,1000,,,,-0.004088692,0,0.062973205,0,0,0,0,,,0.026055,,,,,,,
37.072725,1000,,,,-0.004088692,0,0.063570905,0,0,0,0,,,0.02575,,,,,,,
37.098695,1000,,,,-0.004088692,0,0.064655663,0,0,0,0,,,0.02597,,,,,,,
37.124335,1000,,,,-0.004088692,0,0.059820431,0,0,0,0,,,0.02564,,,,,,,
37.149505,1000,,,,-0.004149922,0,0.05815168,0,0,0,0,,,0.02517,,,,,,,
37.178115,1000,,,,-0.004149922,0,0.05932008,0,0,0,0,,,0.02861,,,,,,,
37.20639,1000,,,,-0.004149922,0,0.060431163,0,0,0,0,,,0.028275,,,,,,,
37.231975,1000,,,,-0.004149922,0,0.061025915,0,0,0,0,,,0.025585,,,,,,,
37.256535,1000,,,,-0.004149922,0,0.063119288,0,0,0,0,,,0.02456,,,,,,,
37.28252,1000,,,,-0.004171974,0,0.062997631,0,0,0,0,,,0.025985,,,,,,,
37.30894,1000,,,,-0.004171974,0,0.061478154,0,0,0,0,,,0.02642,,,,,,,
37.336715,1000,,,,-0.004171974,0,0.059122785,0,0,0,0,,,0.027775,,,,,,,
37.36239,1000,,,,-0.004171974,0,0.061409972,0,0,0,0,,,0.025675,,,,,,,
37.38742,1000,,,,-0.004171974,0,0.059243446,0,0,0,0,,,0.02503,,,,,,,
37.412545,1000,,,,-0.004171974,0,0.058455325,0,0,0,0,,,0.025125,,,,,,,
37.437445,1000,,,,-0.004182845,0,0.058475461,0,0,0,0,,,0.0249,,,,,,,
37.462515,1000,,,,-0.004182845,0,0.060815698,0,0,0,0,,,0.02507,,,,,,,
37.49091,1000,,,,-0.004182845,0,0.060546873,0,0,0,0,,,0.028395,,,,,,,
37.518875,1000,,,,-0.004182845,0,0.059685668,0,0,0,0,,,0.027965,,,,,,,
37.5446,1000,,,,-0.004182845,0,0.060416657,0,0,0,0,,,0.025725,,,,,,,
37.57042,1000,,,,-0.004182845,0,0.061510299,0,0,0,0,,,0.02582,,,,,,,
37.595805,1000,,,,-0.004394015,0,0.060404763,0,0,0,0,,,0.025385,,,,,,,
37.620765,1000,,,,-0.004394015,0,0.059950264,0,0,0,0,,,0.02496,,,,,,,
37.651045,1000,,,,-0.004394015,0,0.061120647,0,0,0,0,,,0.03028,,,,,,,
37.67676,1000,,,,-0.004394015,0,0.062032192,0,0,0,0,,,0.025715,,,,,,,
37.70376,1000,,,,-0.004394015,0,0.063132895,0,0,0,0,,,0.027,,,,,,,
37.729515,1000,,,,-0.004394015,0,0.064928599,0,0,0,0,,,0.025755,,,,,,,
37.7547,1000,,,,-0.004238954,0,0.066097593,0,0,0,0,,,0.025185,,,,,,,
37.779845,1000,,,,-0.004238954,0,0.064687553,0,0,0,0,,,0.025145,,,,,,,
37.810965,1000,,,,-0.004238954,0,0.062200706,0,0,0,0,,,0.03112,,,,,,,
37.837205,1000,,,,-0.004238954,0,0.063246777,0,0,0,0,,,0.02624,,,,,,,
37.86399,1000,,,,-0.004238954,0,0.061304925,0,0,0,0,,,0.026785,,,,,,,
37.89085,1000,,,,-0.004182536,0,0.061626903,0,0,0,0,,,0.02686,,,,,,,
37.916905,1000,,,,-0.004182536,0,0.06228612,0,0,0,0,,,0.026055,,,,,,,
37.942665,1000,,,,-0.004182536,0,0.063433161,0,0,0,0,,,0.02576,,,,,,,
37.972235,1000,,,,-0.004182536,0,0.064560058,0,0,0,0,,,0.02957,,,,,,,
38.029165,1000,,,,-0.004182536,0,0.065625616,0,0,0,0,,,0.05693,,,,,,,
38.054725,1000,,,,-0.004154662,0,0.063733416,0,0,0,0,,,0.02556,,,,,,,
38.07968,1000,,,,-0.004154662,0,0.062173383,0,0,0,0,,,0.024955,,,,,,,
38.10448,1000,,,,-0.004154662,0,0.062464094,0,0,0,0,,,0.0248,,,,,,,
38.13449,1000,,,,-0.004154662,0,0.063509367,0,0,0,0,,,0.03001,,,,,,,
38.162205,1000,,,,-0.004154662,0,0.061598984,0,0,0,0,,,0.027715,,,,,,,
38.188665,1000,,,,-0.004418913,0,0.063590488,0,0,0,0,,,0.02646,,,,,,,
38.21378,1000,,,,-0.004418913,0,0.063179324,0,0,0,0,,,0.025115,,,,,,,
38.23933,1000,,,,-0.004418913,0,0.062697148,0,0,0,0,,,0.02555,,,,,,,
38.26467,1000,,,,-0.004418913,0,0.062778028,0,0,0,0,,,0.02534,,,,,,,
38.29292,1000,,,,-0.004418913,0,0.062865553,0,0,0,0,,,0.02825,,,,,,,
38.31923,1000,,,,-0.004418913,0,0.063868633,0,0,0,0,,,0.02631,,,,,,,
38.34549,1000,,,,-0.004548943,0,0.064715558,0,0,0,0,,,0.02626,,,,,,,
38.37093,1000,,,,-0.004548943,0,0.064260517,0,0,0,0,,,0.02544,,,,,,,
38.398115,1000,,,,-0.004548943,0,0.065271043,0,0,0,0,,,0.027185,,,,,,,
38.42367,1000,,,,-0.004548943,0,0.064722435,0,0,0,0,,,0.025555,,,,,,,
38.45139,1000,,,,-0.004548943,0,0.061999537,0,0,0,0,,,0.02772,,,,,,,
38.477995,1000,,,,-0.004548943,0,0.064077315,0,0,0,0,,,0.026605,,,,,,,
38.503605,1000,,,,-0.005047015,0,0.063104154,0,0,0,0,,,0.02561,,,,,,,
38.53007,1000,,,,-0.005047015,0,0.061295489,0,0,0,0,,,0.026465,,,,,,,
38.555035,1000,,,,-0.005047015,0,0.062610252,0,0,0,0,,,0.024965,,,,,,,
38.611935,1000,,,,-0.005047015,0,0.061314108,0,0,0,0,,,0.0569,,,,,,,
38.63648,1000,,,,-0.005037032,0,0.064159265,0,0,0,0,,,0.024545,,,,,,,
38.662495,1000,,,,-0.005037032,0,0.06595419,0,0,0,0,,,0.026015,,,,,,,
38.68762,1000,,,,-0.005037032,0,0.067473715,0,0,0,0,,,0.025125,,,,,,,
38.71287,1000,,,,-0.005037032,0,0.066049605,0,0,0,0,,,0.02525,,,,,,,
38.73784,1000,,,,-0.005037032,0,0.064521716,0,0,0,0,,,0.02497,,,,,,,
38.76838,1000,,,,-0.005037032,0,0.064735532,0,0,0,0,,,0.03054,,,,,,,
38.794985,1000,,,,-0.005032098,0,0.061022837,0,0,0,0,,,0.026605,,,,,,,
38.820025,1000,,,,-0.005032098,0,0.060297378,0,0,0,0,,,0.02504,,,,,,,
38.846655,1000,,,,-0.005032098,0,0.061278717,0,0,0,0,,,0.02663,,,,,,,
38.87145,1000,,,,-0.005032098,0,0.062107998,0,0,0,0,,,0.024795,,,,,,,
38.89814,1000,,,,-0.005032098,0,0.062702607,0,0,0,0,,,0.02669,,,,,,,
38.925295,1000,,,,-0.005032098,0,0.06205685,0,0,0,0,,,0.027155,,,,,,,
38.951695,1000,,,,-0.004753302,0,0.062419239,0,0,0,0,,,0.0264,,,,,,,
38.976625,1000,,,,-0.004753302,0,0.061784446,0,0,0,0,,,0.02493,,,,,,,
